year,a0,a1,a2,a3,a4,a5,a6,a7,a8,a9,a10,a11,a12,a13,a14,a15,a16,a17,a18,a19,a20,a21,a22,a23,a24,a25,a26,a27,a28,a29,a30,a31,a32,a33,a34,a35,a36,a37,a38,a39,a40,a41,a42,a43,a44,a45,a46,a47,a48,a49,a50,a51,a52,a53,a54,a55,a56,a57,a58,a59,a60,a61,a62,a63,a64,a65,a66,a67,a68,a69,a70,a71,a72,a73,a74,a75,a76,a77,a78,a79,a80,a81,a82,a83,a84,a85,a86,a87,a88,a89,a90,a91,a92,a93,a94,a95,a96,a97,a98,a99,a100
1950,81711.6755,72672.4155,66708.8335,62569.5855,58214.285,55330.188,54081.08,53187.988,52719.411,52411.9165,51981.364,51967.294,52150.4705,51504.019,50477.7205,49383.6705,48320.353,47187.2255,46251.6595,46030.4585,45632.3995,45065.225,44333.7125,43087.1335,41997.194,41116.1665,39877.4535,38546.666,37421.771,36683.2445,35099.742,32883.9795,31753.8795,31624.425,31880.495,32435.785,32615.756,32118.026,31278.854,30673.742,30279.128,29650.586,28809.572,27991.638,27307.6045,26622.51,25838.3855,25108.034,24307.569,23477.235,22500.0645,21603.8175,20954.95,20145.3125,19340.6505,18564.792,17781.7815,17047.271,16297.6025,15702.187,15269.254,14909.665,14369.405,13550.907,12697.4045,11959.867,11256.9205,10617.552,9960.072,9328.5725,8584.41,7865.724,7284.259,6733.6795,6184.4775,5598.175,5025.0695,4503.027,3917.811,3396.6265,2966.9985,2524.9775,2120.871,1779.454,1478.193,1202.403,964.532,763.4715,592.5495,454.163,336.7195,243.035,178.791,127.5605,83.2035,55.081,41.308,30.1455,20.5005,12.8975,14.469
1951,83458.8975,75971.738,70150.317,65305.996,61713.8095,57577.692,54860.2955,53699.762,52880.7305,52462.5085,52285.2545,51824.7435,51810.335,51988.3185,51282.978,50312.631,49130.5815,48063.615,46973.8355,46036.862,45847.0735,45436.355,44865.312,44070.6475,42833.02,41793.5005,40808.0335,39574.6375,38372.7925,37146.007,36444.4535,34868.65,32691.781,31491.302,31351.9275,31655.5005,32159.399,32376.7455,31828.9425,31027.045,30469.4555,29990.4655,29364.8115,28518.606,27680.761,27012.8885,26314.298,25513.765,24741.2855,24020.406,23150.236,22136.251,21269.3575,20611.615,19777.165,18975.426,18187.246,17401.285,16609.282,15872.5545,15256.84,14805.272,14443.895,13880.726,13031.2465,12209.311,11462.1295,10746.87,10085.3825,9420.081,8763.4445,8028.801,7310.9935,6742.096,6189.1265,5658.013,5063.39,4517.4325,4010.952,3451.335,2968.4255,2553.8215,2144.0405,1776.0845,1470.8535,1201.4315,962.0825,757.6785,588.296,449.1775,337.5145,245.486,173.545,123.9785,86.3035,55.1435,35.772,25.986,18.3655,12.199,15.671
1952,86144.7425,77758.4165,73417.287,68722.908,64443.477,61092.1665,57114.7515,54497.4255,53417.4245,52650.3665,52319.548,52134.606,51672.185,51651.688,51777.334,51117.1285,50075.973,48893.961,47870.98,46762.1445,45844.816,45649.3045,45244.393,44622.276,43839.8575,42650.7295,41520.479,40528.969,39408.7295,38108.042,36913.736,36229.1325,34676.9015,32447.077,31238.643,31131.735,31394.194,31925.436,32085.897,31572.99,30823.1895,30195.115,29707.147,29083.7915,28218.0845,27392.2885,26717.4905,25999.902,25162.934,24457.918,23693.739,22787.8195,21802.915,20933.8845,20247.213,19420.0925,18604.9175,17813.894,16976.202,16185.3885,15432.538,14809.045,14359.8225,13966.8835,13361.879,12537.365,11711.566,10954.9605,10216.7945,9548.6835,8860.263,8204.8695,7470.029,6779.654,6206.717,5673.418,5128.844,4562.6355,4032.0665,3540.207,3027.5595,2560.6535,2175.6755,1801.0125,1471.7185,1199.1655,964.988,758.8625,586.3625,447.5885,335.2595,247.5805,176.853,121.8605,85.007,57.845,36.289,23.053,16.214,11.1625,16.1695
1953,88318.7535,80697.1495,75461.3125,72056.8575,67861.4835,63746.1305,60635.0165,56782.259,54190.6165,53199.063,52552.966,52152.7255,51966.6155,51501.1595,51464.685,51538.2295,50917.476,49857.697,48609.965,47592.074,46474.1,45587.64,45332.6415,45037.323,44383.2725,43625.6285,42488.629,41347.4105,40185.399,39193.106,37940.448,36689.82,35968.6995,34518.3245,32268.8815,31022.28,30929.0645,31189.0045,31649.3575,31809.8425,31307.6325,30557.4595,29921.9305,29435.2005,28793.848,27961.7205,27088.09,26430.935,25710.785,24810.905,24143.317,23365.9645,22450.5185,21422.767,20555.096,19897.415,19044.493,18237.9285,17449.832,16601.2885,15748.5335,14995.399,14374.012,13895.9365,13461.3025,12869.8195,12038.388,11205.02,10431.7415,9691.406,8996.898,8309.477,7647.7555,6937.648,6253.1175,5698.9745,5155.9075,4632.7095,4083.7375,3568.7905,3108.0325,2618.0065,2187.2715,1834.503,1497.9355,1203.814,966.6045,764.646,590.212,448.22,335.791,247.3985,179.6745,125.188,84.484,57.5765,38.2795,23.603,14.66,10.04,16.048
1954,89850.3415,82823.0235,78352.7585,74095.733,71194.5325,67188.8365,63287.4965,60300.059,56476.8315,53967.186,53075.151,52379.5935,51977.952,51787.908,51318.4985,51241.7715,51340.374,50703.5365,49577.6985,48330.3505,47318.3215,46236.093,45318.4135,45155.833,44826.918,44181.1445,43457.4795,42305.0545,41027.8475,39961.5595,39007.885,37719.547,36441.0795,35804.4995,34332.571,32055.2095,30824.414,30728.578,30917.933,31383.184,31557.61,31047.3115,30285.0915,29654.398,29150.184,28534.133,27662.833,26804.115,26140.486,25367.598,24491.7195,23811.895,23030.27,22076.3775,21050.8705,20212.7035,19526.8775,18681.2615,17873.7815,17062.9985,16164.7925,15312.7055,14560.9155,13915.509,13404.174,12976.0005,12367.7355,11526.3255,10681.2585,9909.982,9144.3885,8448.3945,7758.845,7110.2605,6405.2605,5748.1635,5187.942,4665.8115,4153.988,3624.0585,3138.675,2693.055,2241.17,1848.404,1530.829,1229.7185,973.0485,768.548,597.2345,453.162,337.703,248.8665,180.453,128.0485,87.347,57.797,38.447,24.9605,15.0515,9.171,15.426
1955,91877.855,84392.201,80479.9945,76979.34,73221.378,70533.0635,66746.13,62970.3345,60006.72,56271.9505,53853.901,52921.5665,52224.594,51807.8285,51614.698,51098.4165,51048.0885,51140.267,50427.5805,49310.537,48084.8405,47109.5365,45998.589,45164.209,44963.119,44629.5855,44016.091,43271.8455,41997.7755,40803.814,39771.806,38793.0095,37472.055,36281.6845,35618.207,34115.728,31862.201,30631.369,30458.8915,30661.0875,31143.101,31301.6485,30769.85,30023.838,29375.5645,28887.812,28238.616,27377.797,26518.2185,25800.6045,25039.354,24156.6005,23473.1115,22657.0865,21702.425,20707.4995,19847.0535,19162.9,18318.124,17478.3665,16622.727,15725.3835,14871.608,14096.649,13429.597,12926.908,12477.3105,11849.024,10997.162,10157.7315,9360.9945,8596.878,7899.819,7222.7205,6568.956,5891.3165,5241.5055,4702.711,4190.269,3693.968,3195.0785,2726.489,2310.7775,1898.503,1545.9545,1261.43,997.549,776.3415,602.8795,460.8105,342.9655,251.518,182.5625,129.5735,90.083,60.385,39.12,25.3135,15.981,9.448,14.6795
1956,92828.2045,86468.7805,82073.734,79103.0175,76091.8835,72555.325,70075.728,66422.478,62671.739,59800.752,56151.1135,53705.052,52774.8855,52060.8055,51652.491,51402.6855,50904.749,50858.7465,50871.222,50172.0515,49082.459,47882.126,46874.0495,45823.738,44950.851,44747.6055,44455.617,43823.742,42977.543,41771.2555,40608.063,39559.888,38544.599,37302.987,36089.5375,35393.3955,33913.8015,31671.4385,30358.2495,30208.4985,30435.7835,30894.151,31017.666,30507.994,29751.8955,29110.966,28594.026,27952.191,27089.642,26185.257,25467.18,24697.658,23817.2945,23101.7005,22285.038,21355.399,20340.709,19485.3085,18795.2145,17910.013,17036.1565,16179.379,15276.704,14398.265,13608.996,12956.048,12433.4985,11957.978,11312.943,10465.5385,9599.764,8806.4165,8048.1315,7358.9225,6676.981,6041.0965,5374.3385,4755.9265,4226.0015,3730.131,3264.0695,2780.1985,2341.923,1958.3365,1587.7165,1273.976,1024.168,796.1485,608.9605,465.034,348.6755,255.042,183.998,130.602,90.9465,62.134,40.858,25.8075,16.298,10.0335,14.5135
1957,94998.2825,87488.3335,84170.6815,80709.6225,78215.899,75421.0415,72071.778,69740.987,66059.429,62503.272,59706.646,56045.5755,53544.926,52606.8955,51909.266,51442.3845,51203.02,50731.237,50609.6035,50617.692,49936.6865,48867.1615,47633.407,46666.2685,45573.54,44720.227,44572.152,44282.0765,43549.965,42749.78,41557.188,40387.6015,39318.2995,38356.8945,37092.6495,35858.7095,35177.3125,33745.122,31410.2275,30110.079,29989.8595,30180.124,30588.2085,30767.086,30231.0155,29488.2565,28811.8005,28314.866,27660.617,26755.6175,25849.5225,25118.446,24346.4915,23446.048,22725.183,21940.1965,20979.288,19988.44,19106.422,18370.656,17462.6485,16591.7615,15725.1645,14792.372,13905.5905,13125.9365,12457.0655,11914.597,11418.272,10772.1735,9887.623,9030.221,8250.727,7499.668,6804.5505,6142.998,5508.7325,4881.5595,4276.8205,3767.0165,3300.0265,2846.952,2395.774,1989.179,1640.638,1310.431,1035.5485,820.209,625.86,470.585,352.792,259.7905,186.651,131.695,91.6345,62.6185,41.9815,27.0485,16.695,10.318,14.8665
1958,96395.487,89584.664,85119.669,82747.2085,79814.4775,77398.4245,74832.3765,71619.7065,69272.632,65288.4985,62726.8975,59907.489,56365.5515,53406.133,52374.0915,51504.7165,51142.4475,51292.45,50748.2495,50515.278,50408.215,49633.9795,48524.0275,47320.188,46189.4055,45305.249,44724.7525,44409.362,44191.525,43280.865,42629.5705,41158.944,40184.841,39117.512,38162.6005,36916.197,35645.899,34909.4405,33444.78,31117.2125,30149.3955,29604.987,29794.821,30290.896,30590.2135,29930.0495,29196.257,28415.537,28146.209,27232.5285,26474.311,25463.201,24784.706,23938.5085,23069.4905,22430.412,21574.9545,20513.448,19774.7595,18589.976,17997.672,16957.8385,16172.564,15262.8465,14307.123,13470.2575,12632.7745,11931.4315,11408.1255,10820.045,10322.8065,9261.376,8484.2665,7702.1275,6941.2475,6296.031,5607.9655,4989.533,4410.2675,3790.2825,3325.3775,2883.4755,2459.3105,2042.913,1672.7985,1359.107,1070.987,835.0535,654.546,492.222,362.3375,268.6125,194.9925,137.737,96.604,66.726,45.1605,30.163,19.3555,12,16.3615
1959,94290.157,90589.2505,86886.7485,83579.5005,81772.359,78951.141,76775.217,74323.25,71143.9755,68421.9995,65401.387,62939.869,60194.295,56196.93,53175.4535,51965.676,51193.539,51224.6675,51319.459,50647.612,50335.9555,50112.355,49309.8405,48216.9535,46848.3445,45912.3695,45292.6135,44532.601,44320.761,43900.048,43166.9935,42222.771,40951.877,39977.6665,38925.9545,37978.7565,36705.8965,35356.7965,34568.2745,33133.845,31167.1695,29767.1235,29226.556,29480.5015,30121.3175,30278.4175,29638.5545,28786.353,28244.152,27706.728,26938.7665,26066.2315,25134.772,24372.6565,23558.899,22763.2785,22054.0695,21081.9045,20297.4,19219.139,18209.538,17461.8085,16517.5425,15684.3755,14751.6325,13852.5945,12955.047,12089.6005,11423.0195,10806.138,10369.852,9666.1245,8699.6305,7915.158,7124.35,6413.9265,5743.9215,5074.055,4500.461,3905.1675,3377.0785,2904.7745,2491.8545,2098.566,1721.429,1388.4985,1112.9395,864.7155,668.4675,517.317,380.9525,277.297,203.327,145.056,101.9995,71.2305,48.711,32.675,21.7155,13.9075,18.583
1960,92745.029,88134.8705,87508.517,85147.9805,82481.874,80941.383,78301.772,76290.878,73824.9345,70823.015,68149.111,65256.868,62686.344,59927.228,56040.779,52926.164,51717.542,51009.3245,51004.756,51027.379,50458.4115,50137.9105,49883.862,49094.376,47951.057,46600.52,45698.7065,45064.799,44277.9235,44060.941,43665.848,42928.553,41954.8985,40738.4565,39742.6115,38671.508,37753.3945,36495.5105,35034.0695,34288.208,32906.534,30901.8325,29447.424,28948.541,29195.2355,29825.021,29969.717,29318.795,28466.827,27886.842,27316.255,26545.965,25688.9385,24754.238,23981.1035,23179.309,22356.8285,21634.068,20651.0845,19787.568,18711.5985,17702.6135,16931.1435,15969.592,15126.5535,14202.769,13290.434,12382.08,11528.4755,10861.055,10203.422,9744.285,9045.0885,8089.0105,7303.484,6532.789,5836.585,5197.971,4546.33,4000.0175,3464.0965,2945.96,2507.6265,2122.5615,1765.2365,1426.7215,1133.136,894.3865,684.1895,521.9185,396.9275,287.083,206.4485,148.091,103.894,72.019,49.4375,33.032,21.609,14.1235,20.198
1961,92565.7505,86897.476,85251.1095,85819.9545,84056.1435,81650.3615,80259.8025,77819.3965,75764.8255,73489.377,70581.19,67890.345,65017.7285,62384.479,59796.021,55756.011,52658.69,51530.577,50789.846,50668.98,50857.339,50255.9615,49913.2075,49638.417,48843.1675,47719.8045,46377.221,45470.429,44825.2405,44054.3325,43837.0015,43417.005,42678.25,41719.5755,40508.7355,39495.012,38440.2965,37520.7025,36211.219,34769.618,34042.4035,32632.423,30602.6775,29162.8175,28658.6795,28898.449,29520.1205,29646.0825,28978.088,28120.0775,27508.1995,26927.8115,26173.158,25314.981,24383.075,23601.7615,22787.6985,21933.2535,21166.3205,20154.9545,19276.1755,18191.645,17173.024,16383.3175,15424.3325,14573.5705,13640.294,12719.574,11811.9875,10964.075,10274.7675,9610.62,9130.6795,8416.703,7478.591,6709.029,5958.645,5289.452,4668.093,4049.3315,3535.668,3027.9835,2548.552,2140.0985,1788.689,1465.959,1167.4305,912.4255,708.649,534.7065,400.4245,299.659,213.698,149.946,105.7635,72.999,49.7125,33.5015,21.826,14.04,21.339
1962,97911.927,87403.312,84568.722,83911.4515,84930.7385,83361.642,81087.041,79873.6545,77372.67,75487.4375,73299.519,70329.559,67685.488,64746.8565,62278.897,59524.098,55486.534,52475.584,51325.981,50455.247,50534.383,50656.1475,50042.8195,49669.083,49408.1035,48641.2375,47501.5995,46177.6475,45264.9025,44628.5035,43873.9865,43580.2845,43204.31,42452.5695,41507.118,40296.0195,39269.662,38213.323,37282.202,35966.8705,34544.6625,33786.2705,32363.2655,30335.2195,28886.625,28389.995,28613.947,29225.5495,29324.7875,28648.1005,27791.157,27151.737,26583.839,25831.79,24969.2055,24032.9495,23239.369,22395.922,21486.51,20693.6455,19684.632,18775.777,17686.073,16661.587,15858.9005,14901.976,14034.0045,13097.531,12169.302,11258.911,10409.877,9712.8125,9038.3295,8527.884,7811.328,6899.8895,6144.874,5424.296,4774.014,4176.6655,3603.4275,3102.3245,2629.056,2182.086,1808.88,1489.9605,1202.897,942.9405,724.767,554.6955,410.436,302.8495,223.6925,155.3555,106.944,74.246,50.1345,33.5405,22.1755,14.114,21.877
1963,107113.585,92882.5085,85297.2375,83405.2095,83176.812,84328.8955,82866.8925,80756.816,79481.8495,77137.779,75328.922,73048.019,70133.1765,67441.5635,64651.971,62023.3505,59263.5855,55294.736,52276.594,51028.5925,50339.246,50341.231,50439.764,49809.443,49465.5355,49204.279,48436.1965,47311.636,45991.5795,45076.1105,44459.91,43619.5765,43369.0695,42991.4245,42258.077,41296.6605,40087.735,39041.883,37984.107,37049.053,35746.962,34309.8765,33527.2655,32102.5835,30066.587,28625.1345,28120.869,28329.2665,28923.677,29010.0505,28324.8375,27462.5895,26822.167,26252.9945,25498.092,24620.704,23682.3035,22857.1445,21969.202,21029.238,20223.194,19204.909,18277.7595,17183.018,16152.6335,15337.13,14377.5215,13495.31,12553.2245,11617.953,10701.028,9855.327,9147.8795,8459.442,7930.976,7217.286,6332.1,5602.5025,4906.9205,4280.6735,3691.7625,3167.603,2697.147,2254.218,1846.535,1508.1965,1223.7,971.8015,749.3555,566.7315,425.6955,310.0625,225.8455,162.98,110.8795,74.8425,50.872,33.635,22.0725,14.279,22.0875
1964,109712.577,101790.497,90708.1635,84152.8475,82715.395,82618.02,83863.872,82534.9125,80371.035,79261.857,76993.549,75046.211,72844.424,69881.374,67348.242,64405.3135,61764.6055,59078.8305,55084.558,51995.1485,50919.9495,50130.2355,50119.8945,50200.063,49633.6985,49261.624,48989.3875,48254.531,47122.435,45811.1665,44919.496,44180.3055,43415.8115,43144.096,42807.3225,42048.66,41083.1625,39867.477,38803.223,37751.5795,36827.5925,35508.375,34060.7685,33265.4445,31829.279,29800.584,28351.6845,27840.5915,28028.3015,28618.1065,28688.7865,27990.86,27146.205,26489.2415,25914.6285,25148.161,24258.6105,23297.6115,22428.3945,21517.7195,20560.0055,19729.349,18714.8765,17771.0905,16671.313,15634.7105,14803.012,13842.3105,12943.028,11996.3375,11050.762,10134.09,9290.5215,8569.797,7880.9,7341.0945,6631.797,5783.921,5076.6345,4411.709,3806.6745,3254.9215,2763.774,2322.1535,1916.6925,1547.786,1246.097,995.456,778.0485,590.794,438.711,324.495,233.5525,166.5745,118.1175,78.747,51.927,34.593,22.4075,14.45,22.609
1965,108841.5475,104311.307,99470.357,89496.5075,83460.1725,82175.8405,82189.0115,83546.9585,82143.257,80163.106,79152.698,76687.395,74836.413,72590.4285,69783.244,67107.0955,64147.251,61580.026,58869.8625,54781.248,51866.0205,50684.292,49896.236,49878.9925,50036.24,49421.771,49035.526,48798.7785,48064.028,46933.7215,45678.84,44611.0155,43964.363,43188.835,42953.8085,42598.6925,41834.331,40855.562,39634.638,38560.8915,37526.3145,36587.067,35254.266,33803.2085,32986.6725,31555.365,29519.365,28066.3965,27545.0285,27722.8345,28303.14,28354.9385,27664.7205,26819.604,26143.292,25556.3135,24781.521,23858.724,22863.8715,21970.2085,21050.2095,20061.9215,19219.8685,18209.903,17249.759,16143.542,15097.9515,14251.2485,13284.329,12369.159,11415.75,10467.455,9550.9275,8706.536,7984.74,7301.6645,6752.801,6057.398,5244.475,4565.7405,3947.2085,3361.0565,2844.792,2384.0055,1978.4095,1610.8855,1282.413,1017.2505,800.048,616.025,459.0745,335.822,245.574,173.0965,121.4855,84.651,55.067,35.5615,23.2335,14.7205,23.063
1966,108920.367,103539.14,101979.248,98180.774,88745.294,82903.582,81757.5695,81877.8395,83162.916,81938.6125,80078.248,78839.573,76487.228,74592.1765,72489.6565,69542.144,66855.6435,63962.892,61363.9245,58546.8585,54594.743,51586.472,50431.298,49641.463,49736.453,49804.5315,49189.376,48844.1145,48595.5705,47872.211,46800.4785,45347.7675,44381.2605,43715.6845,43000.399,42726.621,42384.38,41598.7995,40611.9435,39395.268,38320.8695,37282.6465,36331.1415,34987.5075,33529.736,32709.9615,31268.5065,29233.89,27770.2885,27245.77,27408.4585,27977.3645,28029.153,27323.2525,26475.5285,25774.5835,25179.793,24376.889,23413.7775,22405.364,21497.094,20553.1775,19550.0295,18695.9245,17688.672,16709.3535,15596.7445,14543.164,13673.9735,12702.9075,11770.46,10817.755,9866.927,8946.9425,8112.718,7395.8955,6721.246,6172.6735,5490.1915,4718.5305,4076.2455,3487.1055,2939.754,2455.1385,2032.02,1663.8955,1335.7425,1047.3115,817.7425,633.287,478.7575,351.308,253.5065,181.566,125.8755,86.7015,59.288,37.813,23.854,15.3035,23.4365
1967,108541.358,103713.8985,101298.0225,100711.2735,97381.9245,88148.4975,82489.2,81452.1235,81515.563,82972.6095,81873.119,79758.3615,78657.8615,76263.275,74492.316,72257.823,69289.9395,66677.68,63756.269,61049.106,58319.018,54275.3165,51331.7075,50192.3175,49531.4805,49509.9245,49569.0005,49018.0305,48648.906,48400.908,47754.0075,46445.863,45122.6095,44125.9235,43522.1945,42779.5545,42504.023,42152.8125,41356.4825,40368.3355,39163.7755,38071.381,37030.263,36067.471,34712.085,33263.212,32425.6195,30984.513,28945.647,27475.9975,26943.8585,27089.12,27661.65,27686.954,26965.648,26112.012,25391.814,24771.1675,23935.6385,22950.315,21935.765,20997.527,20046.8405,19028.1395,18159.545,17152.3145,16154.5515,15035.915,13965.491,13076.4985,12100.2435,11157.8055,10206.135,9249.695,8337.308,7520.854,6810.15,6153.4935,5605.398,4941.613,4242.921,3605.748,3055.4465,2543.286,2097.807,1713.657,1383.9335,1094.6625,844.891,649.5295,494.1855,367.5625,265.5795,187.7705,132.1175,89.852,60.83,40.884,25.4815,15.8195,24.1395
1968,110814.062,103437.0105,101506.444,100103.261,99943.703,96768.8385,87730.6685,82194.0935,81116.7,81335.224,82914.897,81536.587,79583.4165,78447.3635,76162.518,74267.2995,72009.9965,69104.641,66484.4445,63484.3475,60810.708,57999.1265,54054.394,51110.217,50102.776,49302.625,49282.7595,49406.931,48835.653,48458.499,48289.25,47390.874,46217.921,44871.7105,43934.762,43294.0215,42560.999,42265.641,41918.0255,41115.2785,40132.944,38922.6585,37809.389,36767.719,35791.769,34436.739,32983.2285,32137.7555,30695.345,28657.884,27176.9405,26632.3535,26773.348,27322.869,27325.6275,26587.9825,25733.9485,24977.4805,24326.5215,23473.103,22471.8035,21436.068,20484.746,19527.0045,18491.414,17605.2755,16595.618,15578.8865,14446.0135,13361.6405,12451.9415,11478.055,10525.5945,9572.8845,8621.9395,7726.0085,6926.374,6230.4945,5592.9095,5049.803,4425.5505,3752.4935,3158.328,2643.803,2173.8725,1769.2925,1425.1725,1134.3795,883.772,671.341,506.739,379.414,277.66,196.685,136.504,94.0105,62.9505,41.814,27.6075,16.7995,24.85
1969,113365.189,105772.689,101308.7195,100334.1755,99362.0185,99338.001,96333.244,87415.8015,81876.645,80952.2945,81286.79,82582.5575,81368.3675,79390.617,78339.923,75950.538,74024.22,71817.1865,68905.568,66250.034,63267.079,60493.4705,57812.6385,53826.759,51004.862,49882.28,49082.6715,49138.6355,49225.3465,48652.6225,48350.42,47910.7725,47165.6975,45964.4585,44693.709,43703.456,43074.435,42334.2365,42016.916,41682.966,40907.2755,39884.7255,38664.171,37526.792,36487.179,35520.203,34142.1945,32693.192,31851.9415,30408.891,28387.3275,26872.896,26314.5355,26416.5825,26952.8335,26943.2285,26192.999,25325.694,24527.426,23861.34,23008.871,21959.671,20919.1365,19945.893,18984.843,17933.0805,17025.854,16014.4325,14956.776,13831.2615,12739.5715,11801.2195,10823.301,9865.585,8930.603,7993.661,7108.5385,6337.068,5653.1385,5039.052,4521.6795,3915.9505,3286.382,2733.056,2260.739,1834.1925,1471.986,1169.032,917.0335,703.5,524.773,389.896,287.5615,206.2745,143.4345,97.3785,65.9875,43.2535,28.141,18.176,25.8525
1970,114466.1115,108361.993,103698.5565,100126.0725,99566.2465,98734.002,98884.0685,95978.1875,87082.369,81704.116,80899.907,80930.296,82419.633,81136.274,79273.8635,78122.377,75706.099,73833.9155,71614.8255,68667.8245,66060.7835,62886.225,60327.875,57616.9375,53737.8315,50803.008,49680.0185,48963.2455,48963.4955,49037.306,48570.72,47923.9255,47706.491,46904.0565,45831.8635,44471.2025,43478.247,42876.2145,42066.4965,41778.7445,41492.4505,40638.2705,39623.611,38362.774,37246.9495,36229.754,35208.6045,33887.8685,32459.5135,31604.1415,30180.9065,28090.195,26552.842,25953.82,26047.835,26582.9125,26528.1815,25781.9865,24874.711,24087.363,23403.8935,22476.029,21440.3295,20346.9515,19388.7625,18420.393,17340.0905,16424.512,15364.3855,14339.709,13177.67,12072.673,11125.812,10137.715,9205.901,8288.4105,7351.408,6506.8725,5749.018,5086.036,4541.933,4007.3955,3434.0715,2847.241,2340.4405,1911.363,1530.005,1210.2955,947.7545,732.717,552.7455,405.6185,296.9785,214.8545,151.3085,103.3225,68.811,45.604,29.1995,18.588,27.401
1971,115411.35,109421.725,106233.264,102489.6655,99325.1555,98899.5385,98255.2935,98506.4935,95617.858,86888.746,81626.742,80548.8275,80759.988,82176.6405,80989.0915,79039.3585,77854.2995,75485.0585,73596.4705,71378.9345,68455.758,65666.2165,62683.394,60108.718,57524.1205,53508.64,50581.0325,49547.192,48776.155,48796.585,48939.7575,48150.5065,47720.175,47448.5665,46766.855,45615.6665,44246.6995,43274.484,42613.3965,41837.7285,41558.893,41227.9345,40370.8255,39332.9755,38083.113,36980.8515,35920.636,34955.071,33635.038,32219.714,31335.4695,29876.3525,27766.0985,26202.049,25588.8685,25671.868,26174.278,26111.6815,25326.18,24444.4925,23601.8615,22879.3235,21946.6675,20871.8115,19785.599,18812.599,17818.652,16727.48,15770.0895,14735.1595,13642.9575,12514.6925,11393.5775,10437.6665,9468.0355,8551.9465,7644.772,6742.6585,5925.731,5191.9805,4591.2655,4031.861,3520.564,2980.223,2441.4925,1981.7725,1597.6265,1261.0255,983.3615,758.8915,576.909,428.369,309.1035,221.682,157.694,109.1675,73.3,47.7805,31.031,19.4405,28.733
1972,115300.6955,110367.367,107323.137,105045.037,101694.783,98675.4395,98416.219,97887.2965,98137.706,95434.778,86803.628,81318.6005,80375.5085,80568.2925,82019.363,80754.8775,78763.1565,77605.884,75228.9195,73377.0165,71150.5905,68111.295,65413.1685,62414.7425,59975.157,57274.117,53270.0695,50428.6905,49366.372,48654.901,48690.55,48561.8285,47938.054,47484.4465,47290.0395,46562.4385,45409.4365,44024.936,43041.671,42398.2655,41627.029,41309.35,40974.0965,40101.479,39058.781,37807.4825,36691.9355,35630.641,34651.6735,33360.837,31902.235,31029.743,29551.0875,27423.9255,25838.6055,25209.9265,25302.903,25762.688,25668.2265,24876.104,23949.0505,23102.551,22348.86,21397.7865,20310.7865,19205.3545,18209.728,17195.628,16089.653,15112.942,14042.8015,12973.9365,11831.465,10717.7855,9761.8565,8809.1215,7916.122,7029.186,6164.4465,5369.357,4696.663,4083.763,3550.654,3063.615,2561.896,2072.2285,1660.5725,1321.029,1028.3535,790.046,599.6235,448.769,327.527,231.1055,162.784,113.886,77.5925,51.1935,32.8435,20.923,30.175
1973,115298.3695,110407.5995,108357.969,106209.5745,104297.5645,101088.397,98222.145,98068.8895,97517.9355,97973.7005,95339.315,86498.6635,81150.0415,80202.516,80430.068,81802.006,80493.3145,78529.3875,77355.055,75036.2575,73160.723,70813.4515,67848.2825,65148.423,62270.143,59731.9365,57047.32,53135.2315,50249.852,49294.8615,48557.7415,48314.736,48356.237,47704.8725,47349.2425,47096.34,46365.342,45200.1455,43794.5925,42846.6725,42202.938,41383.3205,41067.661,40709.3915,39845.1215,38788.1355,37526.2075,36413.569,35330.2455,34386.277,33032.162,31613.5955,30708.906,29215.3215,27073.5045,25474.0315,24858.094,24914.478,25335.1495,25231.8905,24371.719,23470.7125,22585.779,21804.785,20833.882,19729.2445,18604.268,17585.1715,16555.429,15432.2145,14410.546,13376.342,12280.0365,11155.8905,10041.005,9095.7355,8167.417,7289.919,6438.713,5587.569,4839.6445,4184.202,3602.8735,3096.421,2639.4745,2179.0175,1739.3145,1375.0865,1079.4325,827.9305,625.667,467.688,344.4835,246.2405,170.1875,117.6085,80.941,54.3295,35.401,22.299,31.967
1974,114954.787,110492.4785,108443.0345,107269.5565,105493.2365,103712.2695,100657.2205,97901.3725,97698.8685,97365.694,97863.866,95037.472,86323.953,80986.288,80071.268,80233.306,81550.869,80262.5795,78273.0745,77178.828,74822.125,72820.6355,70537.1195,67579.9085,64988.4575,62021.4015,59495.951,56926.4145,52941.5845,50203.887,49185.227,48178.968,48112.973,48119.3005,47570.2435,47160.0375,46903.5725,46161.766,44968.8655,43610.315,42660.2605,41954.733,41150.264,40804.6625,40455.337,39577.16,38504.231,37246.8975,36112.028,35070.212,34039.9175,32745.7965,31292.434,30370.6495,28858.2395,26709.1175,25116.3255,24479.1195,24504.925,24911.74,24712.7195,23906.6555,22961.133,22050.044,21240.755,20246.643,19123.725,17978.636,16944.657,15890.04,14720.415,13752.707,12673.452,11598.3805,10471.3365,9370.8085,8447.256,7532.2755,6692.795,5844.798,5037.5525,4318.004,3697.779,3148.312,2674.189,2250.58,1833.651,1443.8065,1126.0915,871.6235,657.7915,489.8495,361.117,260.738,182.9145,123.684,83.9875,56.978,37.809,24.341,34.221
1975,113764.8475,110256.5635,108589.0815,107387.5225,106576.266,104937.4295,103301.632,100369.6145,97554.0735,97558.995,97226.341,97547.5665,94814.731,86124.4395,80818.3005,79853.1965,79968.5355,81306.218,79985.349,78096.0665,76946.3735,74481.7715,72536.6895,70275.1385,67412.656,64746.0945,61781.3315,59372.7665,56728.4875,52918.5935,50071.173,48814.317,47971.1555,47874.353,47983.9515,47373.2085,46967.712,46701.5645,45925.4985,44788.626,43423.2685,42403.1815,41719.9565,40885.6565,40551.0195,40178.898,39290.639,38218.31,36935.444,35856.936,34708.9835,33752.3215,32413.9285,30954.8395,30005.7455,28484.007,26355.798,24739.1185,24081.299,24106.507,24390.468,24262.8895,23402.497,22432.362,21494.919,20654.481,19636.259,18492.871,17338.752,16279.2215,15157.26,14065.6965,13042.668,11985.1625,10899.666,9788.43,8720.626,7800.319,6924.3365,6082.4465,5268.7785,4501.6335,3821.422,3236.232,2724.3115,2286.559,1900.321,1526.907,1185.8255,912.2165,695.23,517.25,380.069,274.9505,195.0435,134.222,89.005,59.335,39.5765,25.879,37.0435
1976,113156.976,109227.4865,108440.689,107583.37,106718.5185,106038.5215,104546.2135,103037.072,100046.9825,97437.1105,97389.6695,96899.8415,97272.0955,94551.355,85890.056,80554.5355,79557.858,79704.666,81016.2275,79809.699,77850.06,76612.7075,74199.5705,72277.734,70102.6325,67173.4275,64506.9175,61641.3015,59157.0935,56735.9195,52767.7905,49715.5175,48595.9415,47719.662,47733.6695,47778.642,47169.01,46766.4265,46454.3055,45739.644,44591.4975,43151.658,42162.327,41445.5035,40632.0225,40267.399,39885.627,39002.978,37895.9825,36675.5625,35488.277,34419.521,33411.4855,32068.7395,30587.27,29623.7785,28123.8845,25979.9955,24344.318,23696.414,23593.3295,23968.2075,23766.998,22879.7945,21886.8595,20919.5105,20049.2155,19002.3135,17854.1945,16674.116,15529.533,14505.369,13349.027,12353.597,11277.487,10204.193,9131.805,8067.1765,7181.8535,6297.305,5494.3575,4715.027,3988.4985,3346.8105,2801.984,2331.8905,1932.6625,1583.761,1255.0085,960.2825,726.7255,545.822,399.9725,288.1305,204.477,142.313,96.0675,62.338,40.687,26.573,39.4515
1977,113087.513,108715.9415,107484.5965,107468.1645,106923.3375,106169.8115,105624.112,104281.468,102675.2925,99934.6295,97261.5195,97066.8595,96617.9445,97009.617,94304.3965,85633.9985,80276.076,79309.629,79437.2225,80908.8435,79587.0225,77537.209,76358.023,73971.559,72127.3515,69885.439,66945.5945,64378.6825,61399.0515,59226.199,56594.047,52417.91,49507.8245,48341.4995,47595.2875,47524.7505,47568.533,46970.5935,46518.7335,46283.8985,45547.744,44299.988,42911.694,41883.4025,41194.925,40347.9075,39974.1875,39595.1505,38675.094,37644.064,36284.689,35210.2425,34073.0675,33062.5145,31691.4815,30198.2345,29251.7715,27734.9245,25580.2955,23970.864,23175.117,23199.1825,23481.625,23239.973,22328.43,21311.868,20317.47,19411.228,18359.8805,17183.3345,15908.36,14888.7045,13777.382,12660.1205,11639,10571.615,9537.834,8467.463,7449.7925,6543.003,5708.421,4927.8735,4188.3085,3502.478,2904.2785,2403.524,1975.5635,1615.5875,1305.9785,1019.1185,766.5095,571.249,422.1355,303.4015,214.4255,149.1025,101.667,67.389,42.8535,27.352,41.466
1978,113443.6745,108706.128,107002.442,106548.118,106824.396,106372.874,105743.059,105353.066,103884.325,102564.8085,99761.826,96935.032,96801.063,96384.697,96783.3125,94069.177,85372.588,80043.676,79047.6165,79396.6835,80700.366,79287.985,77311.9105,76165.274,73853.9425,71929.1055,69673.655,66835.1135,64110.8005,61528.8545,59098.6585,56216.293,52233.7545,49263.4775,48239.3985,47379.5795,47313.825,47382.8655,46721.132,46384.858,46114.584,45238.2855,44063.8995,42633.384,41643.1975,40908.472,40059.7785,39686.597,39256.6975,38428.383,37242.952,36021.176,34859.2015,33725.1235,32679.209,31290.526,29822.2625,28851.5945,27315.988,25202.9315,23442.557,22801.3075,22726.1675,22957.256,22677.698,21744.983,20703.165,19662.046,18777.006,17670.64,16398.872,15271.084,14150.595,13081.0315,11935.401,10918.945,9888.344,8842.4205,7867.3505,6781.5275,5934.252,5125.8305,4384.33,3686.7265,3046.731,2496.1655,2041.0875,1656.568,1336.945,1065.2135,817.1325,605.082,443.7975,322.1415,227.5465,157.7515,107.355,71.778,46.7565,29.0285,43.4375
1979,115527.4725,109192.811,107037.938,106098.484,105942.8675,106306.4565,105973.613,105489.05,104963.9465,103790.73,102399.03,99438.9625,96673.749,96563.1675,96156.079,96548.5375,93791.1845,85127.3065,79768.014,79003.6605,79168.06,80399.7635,79075.447,77138.0725,76052.18,73676.577,71728.129,69568.8135,66551.5615,64271.82,61383.2535,58707.602,56052.942,51993.291,49161.988,48018.064,47163.6655,47150.101,47131.126,46608.387,46228.6285,45794.8295,45011.275,43784.734,42403.052,41356.822,40624.588,39786.8465,39347.3335,39016.645,38038.8795,36955.7285,35670.4,34514.536,33343.455,32273.1965,30904.8825,29423.679,28417.64,26927.6935,24666.438,23055.4745,22334.5665,22217.205,22400.3435,22085.1885,21122.712,20043.323,19035.3225,18064.12,16873.334,15745.53,14518.03,13441.1125,12339.4375,11199.5565,10214.7125,9170.82,8238.9955,7127.685,6134.831,5331.9675,4562.84,3862.429,3211.339,2621.73,2121.148,1712.9395,1372.8165,1093.359,856.843,647.1345,471.751,339.902,242.5145,168.2165,114.3125,76.223,50.086,31.911,45.922
1980,118225.618,111331.3705,107550.41,106117.96,105467.116,105417.7695,105895.009,105717.037,105082.209,104876.549,103628.9265,102099.5525,99180.077,96453.949,96355.28,95958.5795,96299.9485,93571.362,84857.447,79766.8815,78775.6795,78891.1,80210.4365,78937.053,77056.0415,75921.558,73498.6635,71644.385,69277.7485,66781.4685,64106.3535,61044.4585,58561.048,55811.4875,51919.58,48947.163,47803.998,47010.298,46898.6165,47054.81,46445.988,45903.4455,45576.1655,44747.708,43551.9155,42108.6785,41093.022,40360.467,39414.4335,39143.4965,38632.3085,37699.6575,36594.3025,35325.288,34139.389,32910.2675,31870.3265,30506.772,28946.7435,28023.792,26382.715,24221.979,22540.622,21829.407,21675.434,21804.564,21434.793,20467.393,19382.521,18326.9465,17266.246,16179.953,14976.861,13769.757,12687.729,11574.8315,10463.9205,9479.028,8503.579,7472.741,6437.149,5509.974,4744.068,4016.5275,3362.2385,2762.218,2226.141,1776.9955,1416.7695,1120.517,878.555,677.6135,503.3785,360.507,255.4145,179.056,121.874,81.4075,53.321,34.3855,49.409
1981,120686.633,114046.47,109716.7155,106632.6525,105457.3295,104920.703,104981.5235,105605.1045,105275.4105,104980.2135,104699.313,103340.4955,101862.9125,98988.271,96269.949,96193.1015,95748.868,96132.196,93316.1505,84908.995,79578.8885,78531.7555,78715.15,80080.183,78878.4345,76945.6885,75749.1395,73427.5325,71323.6205,69552.9585,66595.6615,63811.3285,60899.4835,58329.805,55765.981,51720.8575,48726.086,47642.8145,46736.9915,46879.496,46859.4905,46122.692,45687.029,45337.996,44516.875,43237.5305,41874.1585,40833.7225,39926.886,39232.164,38796.188,38238.346,37328.3935,36243.3575,34967.9225,33673.2915,32498.2685,31489.9085,29965.12,28536.327,27524.3765,25866.006,23652.7815,22026.4145,21311.541,21093.573,21146.095,20780.9025,19766.418,18701.1985,17551.5635,16536.4605,15402.6895,14185.8635,13010.908,11902.4315,10802.451,9707.4375,8745.614,7765.6345,6725.9765,5782.3245,4901.848,4176.5455,3495.4135,2891.143,2345.0215,1863.7575,1467.572,1154.059,898.7885,693.994,526.2245,383.6545,270.0595,187.988,129.24,86.483,56.84,36.5805,53.2545
1982,123567.353,116585.3775,112506.9485,108853.1345,106017.599,104938.3295,104500.2965,104693.2795,105148.981,105186.8655,104805.1715,104412.59,103129.159,101696.6835,98822.88,96126.7725,95997.0745,95599.768,95882.5095,93383.7775,84720.8335,79326.3425,78334.9155,78558.4525,80001.817,78741.478,76749.1055,75656.7275,73046.5365,71607.818,69327.2935,66276.4845,63655.3485,60662.264,58293.392,55545.108,51479.9015,48556.28,47326.4745,46761.4465,46667.8835,46523.2475,45912.182,45456.5795,45119.701,44194.127,43005.081,41625.1045,40364.483,39760.3745,38913.9605,38370.61,37873.1945,36979.7875,35895.322,34488.8175,33263.71,32137.5155,30914.393,29557.621,28065.128,26970.4215,25276.199,23131.5485,21514.732,20745.539,20451.7315,20510.5895,20065.405,19089.1055,17942.576,16802.8875,15757.861,14592.8615,13421.7245,12217.3355,11112.8395,10033.506,8950.223,8012.172,6987.944,6052.556,5154.3545,4323.9185,3643.673,3012.685,2461.41,1970.5045,1545.147,1199.34,929.1875,713.5055,542.3665,403.626,288.91,199.616,136.369,91.9345,60.543,39.1435,57.4855
1983,124582.6595,119475.8965,115075.6225,111675.4905,108276.2025,105518.3435,104530.9265,104225.149,104216.398,105105.4345,105023.3155,104524.846,104213.1325,102998.396,101563.4935,98713.2755,95961.765,95862.301,95348.479,95992.5655,93158.028,84429.219,79090.087,78152.3325,78467.733,79821.794,78508.8035,76630.109,75194.0855,73388.386,71337.103,68963.872,66105.2265,63393.852,60646.864,58039.7315,55278.8235,51311.6175,48194.1605,47399.4555,46540.8695,46309.9445,46317.7835,45684.3935,45254.4685,44791.5205,43949.7825,42762.5985,41124.4485,40239.3425,39427.846,38473.528,38015.8675,37530.984,36634.7615,35396.6075,34081.749,32909.155,31530.9465,30537.353,29056.5655,27506.4865,26366.9675,24740.06,22605.092,20934.19,20115.971,19837.579,19801.7405,19378.1865,18323.947,17179.771,16016.179,14940.4355,13817.189,12610.758,11411.773,10327.819,9258.976,8202.2055,7235.2095,6295.3865,5399.09,4549.9345,3774.348,3144.2685,2567.342,2070.5415,1635.798,1264.1725,966.107,737.9055,558.357,416.795,304.594,213.9045,145.1065,97.214,64.1875,41.472,61.6865
1984,125070.1095,120525.2585,117977.9345,114256.2695,111122.059,107791.117,105119.54,104258.4115,103741.419,104209.0845,104941.747,104747.652,104339.04,104099.88,102886.9355,101475.232,98575.759,95858.657,95610.6495,95470.2975,95747.4895,92829.8945,84149.9545,78886.397,78063.4775,78260.3765,79562.0325,78369.735,76120.2725,75573.177,73086.0865,70949.949,68785.4435,65834.5065,63386.8405,60393.217,57760.9,55112.9505,50907.1945,48300.2695,47151.9705,46178.8225,46114.4985,46088.0485,45502.4265,44920.773,44531.1565,43707.6745,42246.3415,41030.5865,39887.5205,38975.1885,38122.521,37680.657,37189.6805,36125.59,34988.382,33721.684,32283.067,31176.622,30022.1445,28483.6015,26907.2865,25817.822,24199.397,22001.859,20299.06,19520.971,19146.0345,19130.4615,18604.6015,17551.0785,16376.412,15196.1625,14156.8995,12990.123,11782.6925,10611.714,9534.8085,8492.4245,7417.6855,6523.1655,5621.35,4768.5205,3973.7385,3258.3635,2681.451,2159.671,1719.091,1339.5355,1018.41,766.363,577.0535,429.0205,314.736,225.655,155.4865,103.579,67.9095,43.691,65.6165
1985,127239.3775,121102.945,119061.0045,117159.2955,113715.8345,110649.675,107396.0125,104834.374,103774.0375,103734.951,104024.7235,104661.2795,104564.012,104228.1735,103996.23,102813.457,101359.877,98505.73,95628.2605,95710.711,95227.107,95421.6205,92520.743,83924.1605,78799.035,77849.748,78002.7605,79405.9585,77857.664,76488.4735,75265.619,72705.553,70768.7975,68527.7885,65822.8505,63141.683,60123.5105,57602.812,54674.5775,51049.0445,48042.5015,46802.1265,45987.8335,45886.4245,45919.268,45179.7735,44639.83,44284.6975,43200.879,42153.761,40662.785,39431.037,38614.6925,37787.4525,37340.781,36684.9835,35718.384,34607.783,33090.9465,31932.341,30656.2665,29442.6845,27882.9725,26356.3925,25265.4135,23574.0645,21352.211,19701.7025,18842.213,18505.321,18371.239,17824.0145,16731.6035,15552.9255,14407.6405,13322.4425,12142.376,10964.503,9802.1205,8752.5395,7688.182,6690.281,5829.9605,4970.9305,4168.012,3432.835,2779.658,2257.944,1793.4905,1408.274,1080.1145,808.2635,598.7935,443.361,324.0325,233.438,164.367,111.1195,72.7955,46.697,69.669
1986,129854.164,123347.9585,119658.3985,118220.6195,116595.5585,113234.903,110258.3005,107114.933,104382.979,103774.1285,103541.8655,103745.1065,104462.4275,104424.5925,104093.2415,103888.649,102678.8835,101282.365,98276.4245,95687.935,95474.7475,94919.2025,95104.1925,92270.8035,83823.8145,78597.619,77624.7735,77861.201,78927.6555,78193.9045,76193.473,74912.617,72525.461,70528.5275,68510.611,65590.7195,62881.7975,59976.009,57170.8275,54851.3685,50776.112,47722.1375,46605.9025,45762.23,45736.3405,45614.221,44897.2325,44394.84,43803.0135,43103.765,41775.9005,40215.904,39064.593,38272.258,37452.274,36857.702,36284.457,35321.341,33977.3375,32731.7545,31400.9435,30076.5565,28844.686,27319.5385,25801.2885,24617.185,22907.0205,20738.656,19011.4555,18224.878,17771.71,17605.115,16992.0565,15906.248,14758.4475,13570.928,12466.1825,11311.4815,10138.069,9009.2165,7929.0655,6942.955,5983.76,5162.512,4352.8395,3605.875,2932.9045,2343.9475,1878.728,1470.613,1137.049,858.836,632.2465,460.1295,334.9365,240.6185,170.5985,117.9185,78.3945,50.5975,75.077
1987,132512.2005,126043.8505,121935.4615,118813.863,117647.867,116110.351,112854.0555,109997.608,106710.98,104423.494,103589.745,103273.234,103540.7895,104298.2955,104258.644,103949.4435,103718.818,102589.214,101039.1445,98312.0425,95456.1845,95181.1075,94595.727,94839.8145,92141.81,83610.4455,78396.2,77497.9315,77412.3155,79241.3195,77894.919,75852.4055,74730.58,72288.6,70504.2015,68284.905,65328.525,62735.5935,59553.371,57371.748,54548.569,50455.905,47523.853,46367.5845,45629.425,45445.2955,45327.086,44663.456,43934.1225,43718.011,42721.9745,41331.1225,39849.4505,38713.747,37931.156,36988.6785,36472.9255,35879.789,34691.402,33610.262,32188.2055,30815.697,29487.9355,28273.814,26752.728,25143.7205,23936.5625,22274.8135,20022.085,18393.779,17510.8645,17034.675,16783.924,16168.8685,15108.373,13919.517,12710.963,11633.7655,10473.3495,9334.8255,8189.2375,7173.482,6223.8875,5309.024,4532.871,3778.927,3091.016,2482.47,1957.7145,1548.4145,1193.013,908.956,676.1,489.026,349.4475,250.193,176.9625,123.503,83.942,55.0165,82.205
1988,133263.911,128715.727,124640.7285,121090.6015,118253.5135,117156.873,115718.825,112578.055,109572.3645,106795.9085,104242.386,103320.334,103076.977,103387.722,104142.197,104136.4585,103796.8115,103654.555,102356.3675,101120.112,98094.4215,95176.1125,94857.496,94329.0375,94713.26,91886.7685,83390.782,78265.667,77025.9565,77773.455,78913.7795,77535.517,75666.3885,74489.6175,72273.92,70265.5735,67995.9575,65178.107,62271.0165,59815.409,57049.3085,54199.737,50249.358,47278.3775,46237.4655,45336.139,45130.236,45102.5055,44195.1695,43889.8545,43321.57,42263.54,40956.0305,39495.6665,38369.8655,37456.528,36615.565,36068.647,35243.9595,34334.4035,33047.697,31594.8275,30227.2085,28913.077,27696.1605,26078.695,24459.7995,23291.738,21527.2825,19377.81,17691.857,16785.917,16230.506,15979.201,15358.8575,14261.163,13040.9265,11869.576,10791.8155,9648.86,8504.856,7417.0645,6437.251,5529.9415,4664.3555,3940.6605,3245.18,2620.542,2077.0415,1615.579,1259.2655,955.0145,716.6495,523.8675,371.866,260.977,183.8295,127.9425,88.054,58.9675,89.4965
1989,133604.332,129547.3195,127327.357,123794.773,120545.6355,117770.733,116768.989,115435.5605,112149.442,109685.303,106635.9015,103972.558,103132.5285,102936.5505,103244.4445,104029.919,103993.732,103736.3085,103411.603,102452.828,100914.0235,97805.5395,94849.5305,94589.642,94208.1225,94446.791,91640.3905,83245.028,77782.92,77405.047,77455.509,78535.4625,77345.3605,75428.927,74480.0075,72033.118,69957.03,67844.395,64688.0475,62559.7245,59499.3595,56696.7835,53989.067,49987.4515,47148.282,45947.5245,44997.3245,44919.694,44616.0725,44189.2785,43489.025,42863.621,41887.5085,40599.932,39156.447,37899.3265,37081.155,36221.835,35430.712,34897.548,33769.009,32441.7165,31006.083,29641.32,28329.0855,27006.855,25379.72,23810.7615,22519.37,20861.9935,18658.7175,16944.0645,16004.589,15454.6865,15185.092,14508.7725,13371.2995,12189.1055,11028.075,9942.849,8795.0495,7711.9335,6662.38,5724.125,4863.5955,4055.768,3387.895,2754.0555,2195.084,1714.238,1314.5815,1008.047,752.6025,554.907,398.475,277.354,191.123,132.3745,90.848,61.8155,96.5095
1990,134885.147,129989.083,128170.3945,126465.6695,123237.775,120058.681,117373.236,116467.6645,115003.948,112229.0505,109500.95,106340.239,103760.972,102964.637,102764.321,103098.5325,103859.547,103897.7135,103463.65,103461.1295,102237.245,100600.8505,97473.5675,94597.5215,94481.804,93979.3555,94228.5565,91506.931,82809.901,78156.141,77157.796,77125.1225,78376.728,77146.0995,75437.207,74272.0265,71740.2665,69812.651,67370.761,64960.271,62253.4165,59161.452,56485.2025,53714.558,49866.3365,46862.1335,45602.355,44786.2955,44440.2545,44620.367,43802.4945,43046.704,42497.887,41529.9715,40259.781,38707.762,37526.057,36685.917,35584.059,35097.2995,34332.553,33153.0775,31849.3935,30407.109,29043.796,27629.951,26293.63,24702.176,23031.9245,21839.8545,20099.487,17882.153,16181.112,15231.7685,14688.2315,14355.597,13619.0645,12511.2195,11335.1745,10173.303,9067.394,7981.496,6935.5235,5930.3245,5039.216,4233.756,3488.1365,2877.8415,2309.4195,1813.98,1395.156,1053.5055,794.792,582.6925,421.92,297.363,202.783,137.226,93.4705,63.4015,102.4425
1991,133143.891,131301.988,128602.5285,127302.114,125894.864,122747.2425,119663.168,117075.1175,116071.209,115055.534,112029.0105,109221.677,106130.133,103580.9325,102772.611,102591.3445,102902.22,103708.355,103592.7585,103427.923,103196.597,101897.7955,100244.3395,97206.7645,94470.8075,94264.7295,93778.262,94106.977,91119.75,83120.7455,77941.0985,76886.9695,76998.549,78204.869,77149.907,75251.698,73996.487,71591.023,69367.7525,67587.673,64642.26,61925.595,58936.711,56212.405,53593.239,49567.821,46522.093,45376.4585,44352.411,44417.481,44242.245,43381.5405,42691.19,42143.6185,41182.3335,39808.1655,38331.34,37113.5425,36075.766,35234.9965,34528.061,33720.3175,32555.4425,31239.4595,29794.5,28336.823,26907.847,25584.205,23911.7825,22330.9245,21057.202,19300.382,17104.2955,15387.869,14468.0725,13887.1015,13485.83,12743.266,11649.6165,10468.5,9272.995,8233.5535,7180.59,6177.911,5224.0125,4389.176,3644.254,2963.203,2413.7535,1910.106,1476.464,1117.7495,830.2275,615.2075,442.6505,314.4175,217.2065,145.1465,96.149,64.4085,106.56
1992,130019.3005,129700.294,129985.2225,127803.4585,126791.0565,125461.1285,122408.157,119426.309,116767.4205,116160.741,114921.254,111822.7085,109073.3635,105997.428,103432.3365,102623.953,102400.91,102730.305,103402.557,103497.2105,103116.106,102820.094,101495.287,99920.344,97007.5615,94210.1135,94009.7695,93613.7085,93709.847,91308.5355,82868.138,77630.3305,76738.7595,76796.6495,78161.9445,76949.1425,74957.9285,73816.623,71150.7505,69516.872,67252.2455,64284.54,61682.143,58641.8425,56066.3295,53280.801,49210.4745,46283.438,44967.4075,44300.301,44042.985,43817.073,43036.1855,42335.52,41790.89,40714.4975,39415.591,37905.253,36534.6095,35697.6085,34672.099,33920.2625,33122.8675,31937.891,30612.1015,29078.022,27604.7015,26184.045,24777.856,23181.216,21548.2325,20233.9755,18491.7405,16278.05,14622.775,13681.6835,13053.157,12622,11879.9235,10766.6955,9549.6485,8433.6335,7419.0465,6406.86,5453.59,4559.854,3785.9245,3103.6175,2489.3325,2000.761,1559.2095,1185.29,882.4175,643.948,468.3045,330.1055,229.7715,155.31,101.4165,65.766,109.636
1993,128886.946,126749.953,128473.425,129250.462,127347.961,126399.0355,125152.768,122201.413,119153.549,116872.614,116075.7865,114757.3655,111713.8065,108974.22,105884.812,103317.9275,102458.476,102242.444,102452.6555,103308.606,103179.5095,102718.4855,102399.738,101152.2575,99685.4285,96721.6655,93911.5345,93813.471,93201.9635,93827.1195,91038.6795,82492.403,77445.6335,76502.1485,76718.6995,77946.0985,76621.021,74749.544,73363.2245,71257.5775,69177.599,66846.0005,64018.7665,61359.348,58454.6785,55747.1795,52884.2975,48952.51,45867.414,44889.357,43930.15,43594.401,43465.474,42675.4295,41983.225,41312.494,40298.4345,38972.939,37326.0915,36143.069,35135.182,34055.441,33320.219,32495.573,31289.724,29877.4655,28330.9605,26869.536,25362.335,24019.5225,22380.4865,20709.9345,19402.238,17627.014,15478.816,13834.429,12863.1135,12218.915,11769.977,10986.768,9837.048,8696.663,7610.253,6628.8335,5662.9945,4768.2315,3938.0485,3227.529,2610.847,2064.3915,1634.2665,1254.124,936.145,684.193,489.878,349.0825,240.8795,163.9025,108.273,69.0865,111.9165
1994,128271.77,125684.9525,125540.6775,127729.6235,128767.9205,126916.0345,126041.6245,124897.4705,121883.667,119190.5615,116751.755,115881.983,114622.3575,111583.495,108840.433,105759.18,103153.9795,102302.6845,101990.119,102383.557,103027.254,102812.369,102332.93,102096.313,100953.744,99442.6545,96437.6545,93744.3295,93441.301,93295.806,93607.2025,90654.9485,82307.5855,77201.999,76425.9995,76522.7,77607.4305,76405.0885,74312.278,73438.021,70937.4765,68741.6685,66572.2225,63677.8145,61141.858,58137.8815,55329.3825,52615.813,48525.012,45757.696,44528.656,43468.4255,43236.7575,43090.5425,42328.448,41500.9185,40872.771,39834.495,38385.2935,36909.685,35577.876,34502.76,33445.613,32680.957,31825.6955,30533.9325,29108.683,27574.591,26026.362,24578.4005,23192.71,21511.33,19862.461,18517.5075,16775.273,14649.705,13010.3585,12038.854,11391.3585,10885.37,10043.8865,8962.7995,7853.238,6803.8025,5862.683,4953.7425,4121.143,3359.4055,2716.185,2167.361,1686.4375,1315.303,992.274,726.5705,521.03,365.767,255.438,172.5075,114.547,74.1635,115.639
1995,127897.231,125132.3375,124482.4785,124807.4295,127241.652,128325.463,126542.16,125768.7695,124570.6645,121870.276,119052.043,116545.4315,115742.507,114480.7955,111443.169,108712.1255,105595.667,103004.0195,102079.624,101928.6045,102135.616,102694.713,102459.822,102052.9635,101915.0225,100747.1735,99161.115,96277.4445,93400.531,93480.7035,93113.476,93223.0875,90470.5025,82048.349,77110.585,76250.452,76181.44,77377.8205,75989.4475,74343.8115,73143.185,70483.794,68471.94,66221.5495,63435.2685,60833.7735,57705.9665,55053.991,52180.527,48389.2425,45409.0635,44065.995,43119.5615,42853.079,42744.1,41855.3935,41052.0395,40399.8595,39251.561,37941.662,36347.0885,34942.61,33895.9885,32806.7005,32011.087,31070.2855,29754.9925,28337.7035,26711.4235,25220.993,23737.393,22293.4555,20638.279,18972.7415,17641.0475,15891.841,13786.4715,12182.0415,11222.3665,10538.288,9949.397,9156.828,8100.7275,7028.463,6023.9295,5133.516,4285.419,3520.5205,2830.837,2256.858,1773.356,1357.879,1042.061,771.7135,553.923,389.6435,268.2995,183.574,120.9805,78.7515,121.9035
1996,127510.388,124861.9045,123961.4875,123774.4505,124351.209,126835.199,127993.0185,126312.138,125492.135,124557.491,121762.1255,118877.373,116442.8655,115633.99,114375.597,111343.3345,108573.363,105461.358,102814.9325,102013.9065,101683.867,101802.0405,102340.3495,102163.004,101837.126,101700.653,100438.463,98972.7935,95922.0835,93345.3725,93285.876,92699.165,93013.4685,90173.417,81902.5925,76922.9875,75892.674,75924.3,76967.239,75950.4645,74066.398,72666.958,70210.414,68112.9875,65950.209,63139.0585,60390.665,57414.8655,54622.7385,52020.3505,48047.824,44946.3185,43719.438,42737.381,42513.2695,42283.2975,41412.3675,40588.4975,39837.951,38789.8435,37388.932,35714.1145,34353.7995,33269.468,32149.0795,31278.216,30300.837,28986.3665,27465.3315,25891.4055,24374.6615,22823.275,21398.431,19734.9405,18086.2755,16735.1515,14978.4615,12922.699,11364.1995,10389.924,9633.978,9076.617,8282.564,7257.256,6230.012,5280.5645,4446.2035,3664.2035,2971.128,2354.59,1847.5315,1429.304,1075.019,810.5815,588.7315,414.1095,285.6645,192.7595,129.097,83.3065,129.4725
1997,127089.1285,124561.8875,123720.545,123253.504,123306.478,123938.9555,126502.142,127779.45,126056.7565,125461.927,124458.7705,121587.378,118775.7825,116332.7575,115536.761,114282.034,111206.9945,108439.6285,105291.5865,102751.6865,101779.065,101355.6925,101454.4125,102046.254,101932.289,101630.024,101385.709,100261.486,98627.5155,95816.1825,93167.191,92855.268,92489.146,92705.4335,90002.8805,81714.2705,76552.922,75627.9265,75536.066,76878.333,75699.939,73572.0405,72400.178,69845.859,67823.089,65670.2275,62687.419,60092.5715,56987.46,54441.027,51691.1195,47562.152,44598.995,43330.4975,42412.249,42059.552,41838.25,40962.796,40051.7895,39365.5985,38243.027,36746.868,35128.979,33732.89,32611.41,31426.157,30522.606,29539.7765,28110.64,26631.447,25038.7035,23448.168,21918.271,20483.48,18829.4305,17171.952,15802.1105,14064.6445,12069.0005,10537.957,9515.282,8798.5655,8218.793,7430.644,6443.7915,5471.5825,4582.684,3809.9765,3098.241,2478.297,1932.275,1491.776,1134.3785,837.6865,619.6815,441.411,304.243,205.6135,136.222,89.444,138.125
1998,126803.747,124191.349,123420.979,123022.7595,122771.637,122865.459,123580.511,126273.395,127527.651,125993.393,125354.059,124270.9915,121465.8155,118639.653,116219.1515,115430.452,114128.9245,111048.7905,108271.4775,105215.016,102526.433,101469.731,101030.26,101181.1875,101820.757,101741.0605,101316.546,101227.094,99949.463,98495.242,95678.1515,92742.8845,92658.224,92194.9555,92539.091,89836.9865,81343.6905,76290.5815,75287.7765,75422.099,76671.8035,75201.37,73329.873,72044.5955,69543.048,67566.3395,65209.4565,62387.99,59675.53,56774.659,54133.7845,51178.943,47213.446,44202.3725,43007.116,41964.986,41603.5125,41391.5275,40453.605,39571.758,38824.8255,37586.891,36152.834,34501.796,33069.4455,31885.27,30674.4015,29768.0695,28663.0385,27263.5115,25769.187,24094.6845,22531.3655,21001.427,19557.354,17890.49,16228.796,14860.8955,13152.093,11206.3255,9682.7845,8700.5465,7977.7635,7384.316,6608.619,5671.1685,4758.7145,3935.375,3228.7435,2589.605,2039.884,1564.466,1187.07,886.766,641.553,465.7175,325.311,219.4995,145.462,94.822,148.45
1999,126796.451,124003.9095,123073.616,122745.4155,122570.734,122345.8915,122505.934,123352.166,126035.2765,127444.726,125897.683,125168.0855,124149.422,121313.85,118516.0265,116104.31,115278.449,113957.268,110877.8385,108182.506,104986.416,102226.305,101170.2735,100766.46,100953.4035,101631.793,101420.5885,101144.9545,100934.328,99777.346,98368.931,95251.4625,92542.454,92360.3935,92016.4845,92380.3075,89467.1805,81065.125,75975.861,75143.713,75243.5585,76180.2205,74968.5035,72980.5585,71728.414,69292.5405,67101.954,64898.3025,61978.3735,59429.7485,56462.154,53621.7895,50823.3365,46788.1255,43878.109,42556.432,41504.5885,41151.4235,40910.022,39965.3075,39045.0755,38163.1975,36987.296,35514.215,33828.4995,32346.013,31130.9455,29919.1995,28904.3605,27803.5735,26395.575,24808.3015,23160.912,21608.7875,20059.387,18591.219,16920.854,15272.8065,13910.8885,12226.7845,10293.04,8863.0355,7893.66,7173.4745,6571.731,5820.9825,4937.4865,4090.012,3338.103,2700.1485,2132.1015,1653.4165,1245.289,928.072,679.5685,481.4665,343.127,234.649,154.8775,101.0245,158.5005
2000,127784.047,124136.3565,122942.637,122407.335,122294.6475,122176.8695,122002.376,122268.3015,123129.7615,125920.9315,127350.6705,125722.3515,125037.9775,123982.619,121163.3005,118371.2985,115940.484,115093.1775,113773.808,110756.403,107967.83,104721.414,101974.2655,100935.4835,100553.1755,100771.114,101345.395,101236.9035,100896.019,100740.0555,99638.627,98000.3505,95050.6705,92267.1785,92158.516,91837.725,92047.2625,89179.815,80762.866,75781.6085,74943.5825,74819.549,75926.6215,74620.227,72649.2195,71444.431,68854.643,66767.21,64496.2555,61681.2865,59074.276,55980.675,53244.804,50366.965,46430.36,43424.735,42103.648,41051.3535,40690.15,40404.211,39436.828,38403.447,37552.421,36331.7275,34822.099,33102.676,31591.361,30366.229,29080.63,28042.9315,26930.424,25435.0485,23855.9495,22218.1565,20646.0015,19076.033,17597.5075,15939.3675,14303.7335,12951.49,11249.7245,9431.3835,8049.642,7101.6125,6389.8085,5793.1835,5072.42,4248.9945,3473.257,2794.47,2225.666,1729.1905,1317.6175,974.307,712.115,510.7855,355.032,247.7895,165.804,107.3115,168.968
2001,128678.615,125236.089,123125.3815,122283.5605,121928.4285,121906.776,121850.056,121748.861,122049.0035,122986.1815,125821.813,127205.3905,125595.4315,124882.6555,123815.861,121003.4265,118201.444,115751.321,114905.806,113600.609,110547.1475,107735.5205,104487.5835,101755.3475,100728.8965,100365.633,100534.2735,101151.4425,101021.72,100692.2885,100564.4345,99358.632,97792.869,94812.01,92039.79,91940.9705,91556.9015,91765.657,88886.8505,80507.114,75525.8735,74615.472,74529.5535,75588.303,74268.526,72314.0925,71052.5875,68494.463,66378.562,64133.5475,61282.123,58641.8905,55564.4525,52798.898,49949.135,45976.7385,42989.0865,41654.7685,40594.7095,40185.892,39857.4755,38835.4925,37780.239,36883.9965,35624.266,34088.6925,32344.6305,30818.5795,29545.2085,28228.5275,27162.5405,25989.6565,24470.5455,22882.8225,21232.2225,19648.184,18075.85,16595.8685,14950.238,13337.0015,11971.797,10330.899,8583.138,7257.4345,6336.5,5645.18,5060.4095,4378.0275,3620.462,2917.4815,2311.7455,1811.7895,1382.561,1034.6035,750.1715,536.953,377.611,256.9295,175.408,114.989,180.3875
2002,128855.82,126254.127,124305.895,122522.676,121839.274,121578.7295,121618.2105,121632.3795,121566.6305,121925.0885,122939.1195,125725.4495,127121.872,125481.696,124738.814,123670.971,120838.9185,118010.5425,115554.9325,114688.9655,113350.411,110280.9535,107455.0145,104217.3335,101501.2235,100503.7645,100116.4465,100310.1305,100913.518,100780.0285,100484.4375,100291.0655,99130.1515,97547.356,94555.066,91792.1035,91670.899,91269.4105,91469.2555,88589.2165,80209.437,75232.185,74304.519,74200.1605,75222.281,73904.4525,71946.3625,70677.1175,68105.1195,65984.974,63712.2985,60870.6915,58201.4085,55124.5525,52353.405,49484.503,45540.843,42539.837,41196.1,40105.9165,39643.9785,39283.234,38213.54,37116.2835,36170.806,34886.0595,33321.0375,31563.279,30004.7485,28698.425,27344.178,26239.4515,25020.1955,23476.1405,21874.54,20214.946,18637.435,17060.6285,15585.0175,13956.7445,12333.1605,11016.321,9420.7125,7752.2235,6487.405,5605.318,4940.101,4375.772,3736.503,3047.854,2417.949,1885.481,1451.195,1086.476,797.049,565.7095,396.3615,272.5165,181.08,121.1725,192.27
2003,129210.663,126538.705,125393.1455,123760.315,122123.67,121520.1845,121313.938,121424.6185,121478.8335,121465.1375,121914.191,122848.983,125658.5045,127023.13,125342.408,124589.4175,123484.752,120619.8325,117795.8915,115294.5445,114388.7155,113037.6695,109963.6565,107162.7995,103936.5275,101263.035,100238.972,99893.188,100075.088,100660.7305,100585.985,100192.0355,100066.994,98881.146,97284.483,94306.778,91516.1435,91379.075,90979.4685,91167.2165,88272.226,79899.432,74919.966,73978.928,73834.0385,74855.2505,73536.5925,71568.1675,70280.2445,67706.5585,65557.411,63290.11,60422.066,57753.9465,54669.917,51875.836,49036.597,45074.906,42077.713,40705.386,39576.2125,39088.3905,38668.5,37557.3405,36407.009,35429.753,34107.991,32526.512,30742.0735,29156.3805,27809.464,26420.5415,25270.774,24013.133,22450.9565,20829.4395,19182.5465,17599.1455,16028.478,14554.8385,12908.862,11353.792,10059.5605,8519.569,6938.3085,5740.1775,4906.9925,4272.506,3734.7845,3144.4815,2526.1615,1971.136,1510.4065,1139.3985,836.216,600.556,416.757,285.075,191.112,124.2925,202.876
2004,129892.2165,126984.0375,125682.8685,124850.599,123379.1185,121803.382,121244.9445,121112.482,121259.167,121376.554,121461.349,121801.695,122773.2435,125550.1425,126879.286,125198.217,124400.231,123253.9915,120389.009,117531.012,114971.9085,114076.1625,112718.0695,109677.3135,106897.3045,103705.2135,100999.159,100028.454,99671.098,99837.5405,100486.737,100295.048,99977.1125,99819.3655,98624.441,97041.104,94030.7015,91222.1565,91092.0645,90690.0305,90844.8815,87951.184,79568.26,74597.2205,73614.0375,73469.791,74492.6975,73156.341,71164.7535,69880.2475,67269.049,65143.6715,62825.5165,59976.044,57296.8665,54178.8585,51428.603,48553.504,44598.9405,41581.1385,40169.4775,39043.7595,38487.548,38020.3275,36854.7375,35674.4465,34648.6095,33306.647,31690.9265,29885.51,28264.2755,26885.171,25449.6695,24268.7535,22977.1165,21390.4155,19776.0855,18123.73,16548.0285,14979.8595,13480.591,11897.6685,10380.2695,9118.674,7643.829,6153.004,5032.0965,4251.6685,3655.2505,3150.517,2614.319,2066.7925,1585.8525,1192.347,881.6815,633.5665,444.993,301.6385,201.169,131.824,212.495
2005,130709.6065,127760.531,126133.581,125132.078,124471.3485,123075.788,121529.379,121044.0765,120946.69,121158.918,121389.799,121343.02,121729.757,122658.88,125409.974,126761.7715,125037.0375,124195.8685,123019.208,120145.938,117241.74,114691.6675,113782.8725,112436.466,109425.034,106684.815,103439.7345,100794.049,99801.4135,99432.937,99676.9685,100189.5585,100085.7515,99713.2335,99553.879,98378.3265,96758.5045,93728.792,90923.668,90799.2105,90370.457,90525.3115,87596.609,79223.6795,74224.3975,73245.4475,73113.846,74111.247,72736.707,70758.121,69425.2805,66854.5715,64670.7695,62364.4235,59514.0115,56791.039,53722.966,50934.986,48058.0285,44082.7065,41037.9965,39647.1525,38461.412,37858.1345,37324.824,36133.885,34900.3805,33845.766,32461.781,30819.379,28981.973,27341.9215,25908.0175,24450.4475,23234.3885,21904.587,20324.236,18691.5415,17050.3745,15478.5145,13887.34,12435.515,10891.017,9420.3255,8198.75,6797.4395,5403.8865,4367.452,3644.2775,3091.4945,2625.814,2144.8625,1667.931,1257.15,926.446,670.8345,471.558,323.536,214.037,139.393,223.87
2006,131601.531,128678.405,126943.3465,125593.375,124740.2505,124162.337,122807.321,121333.1795,120877.7725,120850.403,121187.265,121264.914,121275.921,121613.953,122513.1175,125304.961,126626.3905,124867.5805,123990.1165,122786.9895,119894.1755,117011.189,114429.66,113535.034,112199.6825,109238.097,106437.912,103259.591,100585.262,99569.909,99300.335,99384.4005,99998.6615,99826.142,99437.661,99305.786,98092.937,96456.602,93433.202,90629.1135,90481.0295,90061.164,90173.814,87229.0735,78827.144,73849.126,72888.0075,72739.1575,73686.3375,72319.414,70292.8925,68995.7745,66369.905,64206.01,61879.24,58995.064,56324.3545,53210.7165,50422.4935,47510.0955,43516.6795,40520.013,39072.9305,37854.522,37176.2415,36610.661,35368.5675,34103.42,32997.063,31579.683,29896.8835,28051.202,26361.9135,24903.7705,23417.545,22160.8855,20831.6875,19221.0015,17592.1495,15957.5195,14369.6955,12818.6015,11391.3215,9892.4625,8476.4325,7305.3055,5986.6435,4697.673,3749.1755,3088.1715,2581.3065,2158.1225,1733.43,1323.998,978.5615,706.1755,500.523,343.6425,230.2205,148.742,236.379
2007,133047.815,129659.193,127896.097,126418.576,125203.443,124414.4765,123878.1895,122602.3095,121157.876,120777.3265,120891.957,121046.459,121193.182,121151.4965,121459.585,122398.8905,125166.8525,126459.742,124686.372,123771.9045,122543.331,119692.006,116770.927,114212.5685,113325.638,112029.5325,109000.6945,106282.4695,103065.379,100367.143,99466.4905,99016.43,99220.452,99756.064,99562.1655,99194.15,99024.5165,97795.567,96170.074,93146.8655,90315.083,90180.3585,89720.589,89814.346,86809.5005,78440.6515,73496.7655,72518.396,72321.407,73273.407,71844.1645,69869.268,68491.7325,65903.8625,63717.638,61332.681,58524.114,55792.966,52678.6485,49852.7865,46900.7555,42983.1745,39940.8595,38474.0555,37188.6045,36476.773,35845.8885,34578.512,33256.298,32107.414,30640.5165,28948.562,27056.395,25356.3695,23863.729,22344.786,21091.716,19717.773,18104.6845,16472.445,14850.801,13277.1675,11751.3335,10355.4475,8911.2425,7560.746,6447.712,5219.048,4041.452,3183.9715,2585.753,2128.127,1748.984,1379.546,1033.674,748.239,529.0085,366.2515,245.4915,160.665,251.9995
2008,134765.5155,131193.178,128931.6215,127416.038,126059.829,124899.437,124140.138,123681.701,122416.179,121057.207,120841.7395,120733.991,120972.523,121058.9525,120985.4445,121340.0675,122240.086,124970.408,126282.0555,124460.9015,123519.661,122326.8595,119437.9715,116556.9685,114008.1595,113159.7345,111770.127,108838.778,106073.8165,102832.029,100273.8265,99161.934,98863.106,98983.631,99505.3235,99331.0175,98908.7555,98725.559,97509.519,95880.7715,92829.292,90011.641,89840.9785,89372.9385,89392.0405,86406.3565,78083.7205,73132.1975,72101.7205,71919.0765,72793.8135,71423.679,69361.694,68012.009,65414.4685,63154.135,60840.5325,57979.709,55245.095,52089.923,49213.7255,46340.166,42375.24,39339.29,37816.113,36513.2645,35721.498,35055.7105,33735.175,32365.9595,31158.2625,29676.4915,27928.6365,26036.31,24311.5815,22779.3225,21277.4915,19974.232,18587.2845,16961.4235,15363.2565,13728.156,12180.431,10688.1825,9332.8085,7952.888,6674.8125,5628.1225,4497.161,3433.212,2666.9045,2133.171,1725.9405,1391.995,1076.1345,789.7105,559.7065,386.489,261.0115,171.038,269.3805
2009,136155.1515,132992.2755,130508.719,128488.947,127096.8495,125777.053,124639.3645,123962.549,123501.944,122300.0645,121127.3025,120679.644,120648.0305,120834.333,120883.312,120858.3135,121184.815,122030.7585,124804.6775,126058.7395,124199.441,123298.0135,122051.462,119207.2145,116346.7375,113837.9105,112888.415,111592.618,108618.08,105823.394,102739.4895,99962.0805,99004.7475,98629.911,98743.522,99290.6735,99058.87,98612.958,98444.1675,97227.303,95561.8715,92528.7485,89675.769,89502.1155,88966.159,88992.6445,86037.03,77715.8005,72722.183,71711.226,71450.637,72379.893,70915.642,68887.977,67513.223,64847.2185,62656.134,60274.942,57424.254,54644.0475,51433.964,48640.7395,45696.3405,41746.2505,38679.8455,37154.0005,35782.259,34944.4995,34213.888,32852.458,31421.375,30192.7785,28641.0115,26888.163,24980.1195,23224.098,21707.4125,20161.449,18844.47,17431.997,15847.5635,14212.639,12606.0525,11092.433,9642.887,8338.4945,7030.763,5832.0675,4859.3505,3830.355,2880.681,2204.7695,1734.707,1377.331,1088.0495,824.4725,591.9905,410.232,276.3485,182.31,287.9245
2010,136963.412,134457.7725,132329.298,130068.306,128181.0335,126826.767,125518.8935,124452.97,123797.4535,123379.171,122330.159,120989.918,120594.171,120528.3495,120685.5355,120758.808,120724.1835,121006.5085,121898.634,124641.56,125827.277,123978.642,123043.634,121815.4815,118983.008,116158.176,113566.3605,112685.977,111356.2895,108355.3645,105687.9035,102438.635,99778.988,98767.3725,98389.659,98527.661,99035.6855,98780.875,98334.49,98172.335,96920.9085,95269.2225,92206.545,89351.511,89126.7335,88596.9475,88630.633,85655.9815,77308.716,72342.0455,71264.4845,71045.386,71884.9445,70440.2225,68393.719,66948.8065,64340.105,62086.1565,59697.9435,56818.4165,53979.858,50823.366,47971.7905,45017.942,41052.471,38002.1245,36429.8185,35023.572,34114.3065,33335.587,31919.893,30459.867,29157.839,27585.8465,25814.941,23884.7025,22144.131,20587.791,19031.8685,17689.2675,16269.0685,14676.221,13061.544,11490.9615,10021.603,8624.4425,7381.0725,6154.0385,5042.4845,4148.294,3221.429,2385.084,1796.4475,1388.5055,1080.18,836.36,620.183,435.512,294.6485,193.6755,308.22
2011,137608.9515,135387.4265,133833.8725,131913.339,129765.8405,127928.1795,126596.542,125333.2505,124300.969,123687.7945,123337.269,122240.208,120916.313,120499.3865,120422.3125,120563.2095,120618.832,120556.808,120851.338,121733.3625,124422.7095,125585.233,123734.1185,122807.964,121569.0025,118749.6935,115883.7175,113317.2195,112432.908,111095.4,108138.6405,105406.0805,102202.732,99529.1225,98516.471,98151.283,98271.0345,98775.9085,98510.3115,98066.885,97892.5195,96637.8915,94965.317,91896.9505,89012.683,88784.25,88244.656,88249.0125,85251.486,76925.3765,71938.501,70857.8245,70585.0235,71403.9205,69941.946,67859.1805,66419.492,63779.482,61496.5835,59090.3085,56161.436,53311.93,50128.7585,47262.939,44284.3315,40328.338,37251.5215,35662.4615,34209.5105,33259.95,32419.7615,30951.203,29436.3565,28094.9705,26498.4795,24704.5475,22777.07,21023.537,19447.377,17879.069,16504.903,15080.6075,13499.4965,11913.437,10390.069,8975.347,7642.8255,6471.157,5332.576,4312.2675,3497.0475,2672.2025,1944.7755,1439.6585,1091.24,832.2675,630.6045,457.0855,313.435,207.1095,329.721
2012,139070.879,136161.1805,134814.035,133459.219,131635.796,129540.7465,127732.27,126433.67,125202.539,124204.078,123604.4355,123272.6105,122178.3805,120836.458,120408.401,120292.1625,120407.9015,120435.088,120353.994,120634.6675,121495.3205,124158.915,125322.9,123486.6235,122555.9205,121315.242,118485.818,115618.2295,113060.1635,112184.143,110842.6905,107879.4,105149.456,101951.896,99276.4835,98271.358,97897.351,98017.107,98516.997,98249.433,97802.5995,97622.0785,96348.6285,94661.877,91577.77,88683.7895,88437.392,87876.453,87854.6935,84849.0915,76531.9735,71536.2495,70419.6305,70108.906,70897.455,69416.2245,67318.771,65853.0405,63185.208,60877.333,58436.364,55463.776,52589.98,49391.985,46508.437,43512.0235,39538.341,36455.8675,34841.0425,33368.829,32370.3135,31451.594,29932.351,28376.4355,27000.5275,25373.305,23565.763,21638.9025,19875.947,18286.114,16717.8445,15314.6,13886.7235,12325.9265,10779.04,9314.107,7965.4005,6706.7345,5614.326,4567.961,3640.191,2905.47,2181.097,1558.406,1132.299,841.466,628.705,464.857,328.812,220.214,352.718
2013,139783.7415,137708.43,135621.1065,134462.609,133203.715,131439.9895,129380.2075,127597.666,126323.1705,125126.351,124135.7125,123542.908,123225.557,122125.5525,120757.93,120282.7405,120141.623,120226.7535,120233.297,120133.4305,120388.6625,121222.311,123878.7925,125054.813,123219.7525,122297.003,121052.0115,118222.6995,115351.4175,112796.186,111921.87,110581.1065,107623.0895,104901.051,101698.8695,99033.9695,98025.633,97644.8475,97759.513,98259.8895,97984.6195,97534.956,97341.1725,96048.131,94345.239,91257.4235,88347.771,88082.3475,87491.939,87441.937,84424.146,76114.8975,71105.876,69951.428,69604.2675,70363.019,68860.9545,66743.6785,65248.4615,62546.228,60211.077,57731.5075,54723.835,51822.0865,48607.6655,45707.722,42689.7015,38712.432,35613.2965,33984.2055,32489.2235,31429.208,30439.556,28875.814,27287.6795,25869.0105,24216.3255,22400.721,20471.666,18706.9785,17118.4195,15532.565,14121.6475,12698.3945,11167.964,9671.08,8274.333,6998.6135,5822.253,4813.1535,3861.1955,3028.213,2376.0405,1750.8565,1226.6985,873.58,636.5415,464.9065,334.8655,231.1825,376.6835
2014,139590.624,138478.737,137188.161,135280.391,134215.1355,133020.1965,131301.019,129278.296,127514.781,126267.8365,125077.783,124090.714,123499.1165,123187.1895,122077.742,120655.3725,120155.965,119986.6105,120051.375,120031.925,119898.2635,120108.963,120931.4065,123599.2995,124778.0955,122958.407,122029.072,120779.2645,117957.911,115079.341,112522.3545,111639.84,110296.555,107374.002,104644.381,101442.892,98780.121,97768.4535,97389.2345,97507.0835,98005.5965,97725.4585,97260.897,97067.084,95746.0525,94033.662,90932.7155,87996.8345,87710.816,87079.781,86999.273,83969.1805,75663.524,70644.602,69452.493,69071.249,69798.0585,68270.2385,66129.1155,64596.8305,61858.739,59490.0525,56980.272,53937.756,51007.4925,47776.713,44859.507,41831.8455,37840.195,34738.154,33090.5405,31559.963,30443.6635,29389.0025,27790.147,26162.6005,24705.0165,23033.1305,21207.5045,19284.6235,17526.975,15924.382,14343.8195,12936.0985,11532.084,10036.123,8603.112,7283.3485,6090.3945,5002.813,4079.8975,3222.934,2486.5115,1917.735,1387.782,949.5005,663.7205,474.7405,338.299,237.1105,401.7465
2015,139309.6225,138354.702,137980.976,136853.606,135035.088,134030.5325,132880.683,131213.399,129219.213,127481.3325,126233.1825,125048.439,124058.975,123458.602,123148.286,121979.6075,120530.9815,120007.5825,119820.8155,119860.5145,119804.644,119625.1415,119817.9785,120654.7875,123329.5845,124532.2355,122712.9555,121779.5115,120527.2605,117709.13,114813.485,112238.312,111341.9875,110025.64,107121.8085,104387.376,101177.5095,98513.1525,97508.0855,97135.833,97255.874,97752.1565,97457.277,96991.658,96787.2655,95444.7715,93713.4125,90589.2595,87625.4555,87308.3455,86635.605,86525.544,83474.6485,75178.095,70151.281,68922.463,68508.5385,69199.0575,67637.4475,65465.039,63893.3865,61109.4875,58715.9905,56174.8035,53097.4415,50136.047,46892.6285,43970.6965,40922.7325,36931.7485,33826.0515,32144.3725,30582.0155,29414.441,28303.42,26662.45,24999.436,23509.866,21816.762,19988.853,18073.7535,16317.1425,14719.9285,13153.828,11760.838,10376.2445,8937.148,7575.5895,6341.2345,5237.343,4241.815,3406.425,2648.61,2008.0355,1520.381,1075.4715,721,494.426,346.3715,241.0885,422.479
2016,139262.152,138167.886,137897.0305,137660.715,136610.139,134844.3885,133880.622,132781.215,131149.9375,129186.263,127448.3215,126199.7895,125014.667,124014.1545,123400.6565,123035.084,121837.4055,120365.9235,119835.6035,119638.0255,119650.281,119568.8275,119380.3225,119590.255,120430.2265,123123.0705,124326.1475,122513.5135,121563.683,120314.87,117471.4735,114558.7005,111972.8545,111077.314,109783.8675,106881.962,104133.869,100916.7685,98252.7235,97248.7605,96870.148,96978.077,97462.267,97147.313,96678.2505,96459.1605,95097.032,93353.501,90200.5175,87223.4295,86869.727,86158.2325,86011.1755,82939.4155,74653.27,69615.0895,68353.183,67908.4365,68555.124,66953.4015,64748.5435,63120.33,60303.245,57884.24,55305.786,52198.0465,49208.3115,45961.343,43024.928,39967.5195,35987.6485,32862.211,31149.4355,29558.6955,28343.657,27171.869,25494.8425,23803.4485,22281.285,20574.8595,18748.5395,16837.7065,15098.9465,13512.8,11969.5085,10599.288,9253.7105,7878.1255,6597.56,5453.3365,4443.3905,3542.5215,2800.084,2138.893,1589.555,1180.6825,817.9305,536.217,360.011,247.799,441.1665
2017,139420.593,138183.9585,137742.1265,137594.486,137419.577,136412.4,134681.299,133761.339,132697.198,131100.93,129143.9615,127405.216,126149.7475,124955.2595,123942.3135,123292.845,122902.7115,121682.98,120216.418,119690.8315,119469.5445,119456.819,119376.1135,119204.3235,119407.3115,120247.2135,122923.693,124127.4505,122310.4295,121354.926,120086.18,117230.36,114316.8125,111743.012,110850.163,109563.8835,106653.1865,103890.854,100666.0225,97994.5445,96975.891,96577.963,96664.6235,97128.4075,96790.748,96314.87,96083.579,94709.8565,92948.1235,89777.819,86782.002,86391.758,85639.049,85453.167,82361.8865,74084.973,69038.855,67744.6015,67264.836,67860.8175,66218.6465,63967.456,62293.4365,59443.614,56992.99,54382.7445,51246.846,48234.4535,44973.499,42031.9555,38973.1085,34988.6155,31848.1495,30108.6925,28494.4295,27226.651,25999.8435,24293.702,22573.655,21025.841,19310.4585,17478.402,15590.6785,13876.173,12313.188,10804.382,9469.6015,8173.1495,6872.105,5678.79,4630.9295,3716.629,2914.4545,2263.7995,1696.7975,1236.1805,899.503,609.68,390.4515,256.7105,459.15
2018,137690.0235,138376.8445,137772.756,137455.0465,137365.769,137225.405,136245.4785,134551.982,133663.9465,132637.9075,131052.0655,129098.539,127350.821,126078.758,124871.252,123836.4485,123167.077,122758.01,121545.8135,120090.9915,119540.2375,119291.9045,119277.1995,119205.874,119021.0015,119218.5025,120036.924,122704.8515,123900.035,122084.782,121117.3365,119842.382,116990.914,114092.9765,111526.221,110645.418,109350.094,106424.029,103644.9945,100409.52,97726.1455,96691.0485,96271.338,96335.7675,96774.2235,96427.7615,95938.1305,95697.977,94304.0445,92518.0355,89330.217,86311.359,85880.7245,85088.177,84866.437,81758.473,73493.1785,68433.4565,67103.8345,66581.946,67126.9465,65435.659,63144.495,61421.0945,58536.3705,56052.545,53412.9135,50255.437,47209.7505,43943.751,40994.468,37918.795,33936.8225,30789.529,29034.8305,27388.476,26071.5165,24795.7205,23058.404,21315.5335,19746.1885,18014.5805,16193.7885,14336.495,12657.6725,11130.0895,9669.4485,8380.562,7144.8275,5925.8855,4826.2195,3877.454,3062.5675,2358.057,1796.7545,1321.1415,942.664,671.1885,445.115,277.7415,475.9215
2019,135471.3315,136690.503,137972.5445,137497.4135,137240.8285,137186.027,137066.6415,136118.4955,134449.4055,133596.5965,132583.9425,131005.4705,129048.3695,127283.8615,125994.124,124765.347,123712.7405,123025.151,122619.135,121413.6315,119935.5455,119359.5435,119110.294,119104.83,119023.8,118838.2765,119019.1115,119832.346,122488.1515,123677.9855,121851.252,120878.467,119607.25,116771.2645,113877.7105,111322.894,110433.9345,109122.568,106177.654,103381.1565,100133.1075,97439.713,96387.974,95947.6375,95987.1845,96415.972,96053.24,95554.658,95295.92,93875.1915,92064.167,88856.376,85810.1405,85340.421,84511.4975,84256.462,81131.419,72872.2345,67797.9345,66425.508,65863.696,66344.674,64607.8905,62273.0185,60497.262,57576.696,55059.234,52396.2045,49206.3395,46135.347,42860.588,39892.8735,36806.6845,32837.052,29697.3875,27920.1815,26245.2905,24885.4765,23557.923,21795.2995,20035.1525,18436.083,16704.802,14902.563,13086.7915,11456.594,9978.838,8576.195,7345.395,6178.093,5049.896,4049.6775,3201.667,2483.424,1872.895,1399.148,1009.496,703.453,489.6295,316.196,503.572
2020,133345.1865,134525.944,136297.9255,137696.865,137280.281,137060.888,137029.9385,136938.945,136011.2635,134369.4745,133529.914,132524.8995,130946.202,128979.239,127201.7735,125894.113,124651.5135,123583.0605,122888.096,122476.7245,121253.6795,119754.618,119178.5425,118934.7785,118920.8905,118839.943,118642.845,118823.9955,119629.6735,122275.6615,123454.0655,121621.8925,120648.754,119383.547,116544.7085,113655.8325,111091.5615,110189.761,108864.3565,105903.4295,103094.9725,99838.4015,97133.294,96066.794,95604.223,95634.397,96042.479,95665.1945,95145.686,94857.3535,93404.5895,91565.8205,88327.4105,85252.2935,84742.893,83878.5795,83584.208,80430.3445,72172.726,67073.542,65660.931,65043.665,65456.2795,63667.837,61286.625,59454.1075,56496.703,53948.9095,51249.08,48035.1725,44941.013,41647.163,38662.607,35576.283,31627.684,28508.4045,26712.6265,25018.375,23609.3245,22235.6175,20450.583,18667.7415,17053.724,15329.7505,13557.273,11796.9655,10227.3305,8810.1645,7484.5355,6329.649,5250.4035,4227.8805,3333.349,2589.6605,1968.5785,1454.156,1065.464,751.7705,511.022,346.9425,547.543
2021,131409.182,132442.385,134141.952,136015.868,137467.913,137087.285,136895.1095,136892.6755,136820.6935,135916.0285,134285.744,133451.399,132446.636,130861.8375,128888.6255,127097.924,125777.018,124520.794,123435.9015,122729.1995,122308.2315,121070.9475,119574.8275,118998.7265,118743.919,118726.3245,118635.455,118438.2915,118615.222,119416.5205,122055.182,123226.607,121385.64,120410.8085,119134.558,116294.1665,113394.417,110821.469,109911.1185,108573.393,105601.604,102781.6995,99512.5945,96797.5435,95710.785,95235.7245,95242.1545,95628.621,95224.5975,94671.8385,94344.127,92853.824,90973.893,87700.6365,84594.4605,84043.1825,83134.189,82788.121,79596.019,71328.4935,66206.2145,64734.879,64056.0565,64393.3395,62547.9605,60116.4785,58223.9045,55232.4975,52643.294,49912.534,46675.3005,43544.2865,40233.342,37246.182,34168.9335,30254.6345,27167.2275,25364.756,23645.673,22190.823,20769.4475,18960.876,17169.866,15550.396,13845.339,12123.572,10439.607,8951.4285,7624.422,6400.637,5344.3865,4369.8355,3462.6315,2681.1055,2044.0385,1523.686,1101.789,790.2155,545.0465,361.2385,593.166