region,year,pop,popdens,SR,med_age,pgr,births,tfr,nrr,mean_age_childbear,inf_mort_rate
SSA,1950,175982.44,8.129,98.757,17.956,1.968,8310.284,6.416,1.794,29.493,165.681
SSA,1951,179479.684,8.292,98.668,17.957,2.013,8505.194,6.427,1.814,29.494,163.743
SSA,1952,183128.606,8.462,98.596,17.946,2.038,8701.084,6.437,1.833,29.494,161.934
SSA,1953,186898.799,8.636,98.532,17.92,2.04,8907.831,6.453,1.855,29.494,160.106
SSA,1954,190751.518,8.816,98.475,17.883,2.094,9107.788,6.467,1.876,29.493,158.245
SSA,1955,194787.875,9.005,98.42,17.84,2.134,9317.466,6.483,1.898,29.489,156.352
SSA,1956,198989.463,9.201,98.368,17.793,2.177,9535.971,6.501,1.92,29.484,154.502
SSA,1957,203368.011,9.402,98.32,17.742,2.15,9761.802,6.519,1.911,29.471,156.43
SSA,1958,207786.777,9.606,98.273,17.682,2.134,9988.096,6.533,1.931,29.454,154.571
SSA,1959,212269.549,9.822,98.231,17.612,2.309,10216.175,6.55,1.981,29.432,149.065
SSA,1960,217227.851,10.054,98.184,17.545,2.359,10466.758,6.566,2.001,29.41,147.402
SSA,1961,222413.395,10.296,98.123,17.478,2.399,10727.818,6.581,2.019,29.389,145.893
SSA,1962,227813.072,10.548,98.069,17.413,2.437,11002.36,6.598,2.038,29.374,144.325
SSA,1963,233433.701,10.809,98.027,17.352,2.465,11275.103,6.612,2.055,29.371,143.007
SSA,1964,239258.299,11.082,97.986,17.293,2.517,11556.96,6.626,2.075,29.369,141.558
SSA,1965,245356.603,11.366,97.945,17.234,2.54,11849.841,6.639,2.089,29.367,140.43
SSA,1966,251667.328,11.659,97.907,17.16,2.547,12171.342,6.664,2.097,29.375,140.462
SSA,1967,258158.41,11.962,97.871,17.073,2.593,12485.562,6.68,2.121,29.378,138.036
SSA,1968,264940.937,12.279,97.842,16.986,2.633,12811.589,6.693,2.143,29.378,136.258
SSA,1969,272009.351,12.606,97.824,16.898,2.628,13150.331,6.702,2.157,29.363,134.999
SSA,1970,279252.376,12.945,97.811,16.813,2.672,13497.627,6.716,2.175,29.361,133.638
SSA,1971,286814.088,13.294,97.819,16.727,2.651,13873.636,6.736,2.196,29.349,132.224
SSA,1972,294520.154,13.651,97.839,16.64,2.649,14235.184,6.752,2.202,29.344,131.561
SSA,1973,302425.92,14.025,97.856,16.563,2.751,14605.733,6.764,2.232,29.344,129.78
SSA,1974,310861.677,14.419,97.872,16.496,2.79,15026.046,6.779,2.246,29.325,129.743
SSA,1975,319656.099,14.827,97.88,16.431,2.795,15455.547,6.791,2.264,29.329,128.228
SSA,1976,328715.792,15.247,97.878,16.362,2.79,15867.779,6.792,2.292,29.344,124.728
SSA,1977,338014.789,15.673,97.866,16.298,2.722,16295.389,6.795,2.311,29.357,123.092
SSA,1978,347343.301,16.128,97.831,16.249,3.007,16733.681,6.798,2.327,29.381,121.65
SSA,1979,357947.361,16.613,97.799,16.206,2.913,17216.683,6.784,2.341,29.393,119.831
SSA,1980,368526.037,17.097,97.848,16.165,2.836,17670.714,6.767,2.347,29.421,118.512
SSA,1981,379127.967,17.607,97.899,16.127,3.04,18105.617,6.744,2.35,29.454,117.244
SSA,1982,390832.18,18.153,97.899,16.099,3.06,18592.846,6.718,2.355,29.457,115.638
SSA,1983,402975.294,18.697,97.927,16.085,2.852,19107.405,6.684,2.312,29.44,118.889
SSA,1984,414632.88,19.247,97.958,16.076,2.949,19538.377,6.64,2.304,29.451,117.552
SSA,1985,427043.786,19.824,98.02,16.07,2.952,20003.33,6.59,2.298,29.444,115.961
SSA,1986,439836.264,20.414,98.111,16.068,2.919,20442.994,6.542,2.29,29.478,114.446
SSA,1987,452865.927,21.022,98.2,16.073,2.948,20915.467,6.494,2.3,29.48,109.613
SSA,1988,466416.23,21.636,98.287,16.087,2.813,21365.507,6.437,2.266,29.485,112.183
SSA,1989,479724.995,22.26,98.354,16.104,2.87,21810.559,6.375,2.275,29.481,107.866
SSA,1990,493690.625,22.898,98.417,16.125,2.783,22237.22,6.3,2.248,29.464,107.304
SSA,1991,507621.931,23.535,98.462,16.152,2.707,22693.296,6.239,2.214,29.465,108.459
SSA,1992,521548.794,24.185,98.388,16.171,2.741,23148.213,6.178,2.19,29.481,107.676
SSA,1993,536041.128,24.861,98.554,16.201,2.774,23649.09,6.117,2.189,29.464,104.634
SSA,1994,551121.178,25.532,98.496,16.24,2.551,24031.231,6.062,2.122,29.448,104.608
SSA,1995,565363.514,26.217,98.111,16.254,2.742,24713.731,6.003,2.168,29.43,102.275
SSA,1996,581081.976,26.932,97.82,16.234,2.645,25241.325,5.936,2.147,29.393,101.064
SSA,1997,596657.108,27.654,97.648,16.224,2.641,25705.464,5.863,2.128,29.388,99.453
SSA,1998,612623.942,28.401,97.704,16.266,2.69,26205.798,5.811,2.106,29.379,98.535
SSA,1999,629325.46,29.17,97.756,16.323,2.656,26871.664,5.773,2.12,29.349,95.423
SSA,2000,646261.51,29.957,97.812,16.375,2.672,27487.242,5.735,2.12,29.34,92.875
SSA,2001,663765.032,30.772,97.878,16.424,2.691,28090.914,5.693,2.118,29.328,90.367
SSA,2002,681868.808,31.613,97.961,16.473,2.705,28669.515,5.649,2.116,29.335,87.901
SSA,2003,700562.856,32.483,98.062,16.523,2.724,29302.251,5.611,2.121,29.336,85.133
SSA,2004,719906.341,33.384,98.164,16.569,2.748,29993.588,5.585,2.13,29.347,82.218
SSA,2005,739963.236,34.314,98.256,16.607,2.746,30737.648,5.559,2.14,29.327,79.477
SSA,2006,760561.909,35.27,98.343,16.638,2.75,31411.631,5.523,2.147,29.322,76.805
SSA,2007,781768.802,36.256,98.428,16.668,2.765,32029.477,5.479,2.151,29.327,74.243
SSA,2008,803684.022,37.274,98.516,16.703,2.776,32764.966,5.448,2.159,29.314,71.758
SSA,2009,826303.775,38.316,98.594,16.745,2.738,33337.692,5.385,2.143,29.299,70.232
SSA,2010,849242.7,39.391,98.67,16.794,2.795,33934.661,5.323,2.145,29.269,67.498
SSA,2011,873311.776,40.496,98.761,16.853,2.741,34510.58,5.251,2.121,29.22,67.015
SSA,2012,897577.12,41.625,98.849,16.917,2.758,35001.928,5.172,2.115,29.192,63.555
SSA,2013,922678.604,42.788,98.94,16.988,2.753,35460.582,5.088,2.096,29.154,61.67
SSA,2014,948432.87,43.965,99.022,17.058,2.674,35973.687,5.013,2.072,29.121,60.729
SSA,2015,974136.006,45.16,99.11,17.129,2.688,36344.181,4.93,2.046,29.117,59.364
SSA,2016,1000676.591,46.365,99.167,17.205,2.583,36704.683,4.842,2.019,29.103,57.929
SSA,2017,1026862.117,47.586,99.201,17.294,2.613,37127.979,4.766,1.994,29.094,56.742
SSA,2018,1054045.78,48.846,99.253,17.409,2.616,37543.933,4.684,1.976,29.077,54.407
SSA,2019,1081978.082,50.128,99.292,17.533,2.565,37964.747,4.6,1.948,29.055,53.025
SSA,2020,1110090.241,51.431,99.323,17.665,2.567,38383.735,4.517,1.927,29.031,51.145
SSA,2021,1138953.149,52.745,99.351,17.799,2.483,39005.03,4.453,1.903,28.999,50.136
SSA,2022,1167589.175,54.067,99.379,17.933,2.466,39563.281,4.387,1.877,28.972,49.867
SSA,2023,1196738.277,55.442,99.405,18.078,2.556,40139.221,4.322,1.866,28.943,47.535
NAWA,1950,98814.391,8.014,100.844,19.119,2.386,4779.38,6.523,1.917,29.086,194.097
NAWA,1951,101199.95,8.211,100.818,19.112,2.46,4916.175,6.543,1.96,29.082,190.458
NAWA,1952,103720.466,8.419,100.818,19.088,2.536,5064.133,6.576,2.003,29.08,187.189
NAWA,1953,106384.671,8.637,100.84,19.049,2.574,5197.363,6.586,2.032,29.075,183.989
NAWA,1954,109158.309,8.861,100.856,18.997,2.566,5313.151,6.576,2.057,29.069,180.754
NAWA,1955,111995.801,9.092,100.854,18.935,2.562,5403.19,6.535,2.072,29.059,177.478
NAWA,1956,114902.149,9.333,100.841,18.847,2.681,5525.598,6.538,2.098,29.052,174.186
NAWA,1957,118023.92,9.584,100.821,18.74,2.616,5589.567,6.475,2.102,29.03,171.014
NAWA,1958,121152.734,9.836,100.8,18.616,2.586,5705.964,6.479,2.127,29.023,167.722
NAWA,1959,124326.285,10.097,100.789,18.463,2.654,5849.92,6.517,2.165,29.017,164.178
NAWA,1960,127670.467,10.367,100.79,18.29,2.625,5973.593,6.525,2.186,28.998,160.982
NAWA,1961,131066.419,10.643,100.817,18.097,2.616,6131.743,6.57,2.232,28.983,157.318
NAWA,1962,134540.884,10.928,100.877,17.887,2.685,6307.076,6.631,2.275,28.983,154
NAWA,1963,138201.716,11.225,100.952,17.682,2.673,6416.388,6.615,2.297,28.977,150.316
NAWA,1964,141946.348,11.528,101.045,17.517,2.652,6511.137,6.579,2.308,28.992,146.894
NAWA,1965,145761.767,11.834,101.149,17.398,2.591,6588.833,6.521,2.31,29.007,143.55
NAWA,1966,149587.745,12.154,101.174,17.289,2.731,6688.288,6.477,2.315,28.996,140.348
NAWA,1967,153729.749,12.489,101.12,17.185,2.721,6787.331,6.425,2.317,29.015,137.173
NAWA,1968,157970.927,12.835,101.088,17.11,2.733,6896.169,6.375,2.318,29.052,134.122
NAWA,1969,162348.61,13.189,101.079,17.067,2.711,7020.921,6.324,2.319,29.066,130.975
NAWA,1970,166809.496,13.547,101.125,17.056,2.644,7158.852,6.276,2.319,29.079,127.864
NAWA,1971,171278.213,13.911,101.27,17.066,2.66,7299.973,6.223,2.32,29.067,124.681
NAWA,1972,175896.195,14.285,101.453,17.092,2.642,7420.631,6.156,2.315,29.066,121.502
NAWA,1973,180604.587,14.673,101.63,17.123,2.721,7524.468,6.076,2.305,29.086,118.294
NAWA,1974,185587.125,15.07,101.81,17.164,2.624,7647.375,6.003,2.298,29.097,114.862
NAWA,1975,190521.929,15.485,101.993,17.207,2.806,7784.199,5.936,2.292,29.101,111.285
NAWA,1976,195943.134,15.929,102.083,17.234,2.846,7938.692,5.87,2.281,29.122,108.057
NAWA,1977,201598.875,16.384,102.075,17.276,2.793,8084.587,5.785,2.279,29.139,103.61
NAWA,1978,207308.051,16.853,102.089,17.35,2.847,8256.118,5.705,2.271,29.134,99.594
NAWA,1979,213294.659,17.333,102.153,17.433,2.776,8458.698,5.637,2.267,29.137,95.47
NAWA,1980,219297.739,17.834,102.272,17.51,2.915,8638.039,5.558,2.259,29.129,91.259
NAWA,1981,225784.752,18.352,102.386,17.582,2.811,8802.531,5.475,2.247,29.167,87.081
NAWA,1982,232221.716,18.88,102.495,17.667,2.86,8958.427,5.395,2.229,29.209,83.234
NAWA,1983,238958.427,19.425,102.624,17.765,2.831,9117.887,5.304,2.204,29.233,80.408
NAWA,1984,245819.572,19.98,102.681,17.864,2.806,9222.047,5.193,2.176,29.283,76.392
NAWA,1985,252814.759,20.534,102.693,17.964,2.67,9334.507,5.08,2.147,29.308,72.554
NAWA,1986,259654.674,21.092,102.725,18.061,2.694,9392.341,4.949,2.119,29.337,67.332
NAWA,1987,266744.002,21.659,102.768,18.158,2.61,9431.719,4.823,2.078,29.394,64.319
NAWA,1988,273797.192,22.225,102.82,18.266,2.554,9502.358,4.71,2.031,29.388,62.084
NAWA,1989,280878.674,22.797,102.883,18.386,2.525,9518.433,4.58,1.986,29.4,59.801
NAWA,1990,288061.837,23.324,102.961,18.539,2.051,9492.431,4.43,1.93,29.38,57.536
NAWA,1991,294031.923,23.862,103.044,18.709,2.506,9493.966,4.306,1.886,29.309,55.195
NAWA,1992,301493.897,24.447,103.129,18.867,2.338,9512.413,4.187,1.844,29.287,52.868
NAWA,1993,308626.213,25.037,103.202,19.028,2.43,9516.398,4.07,1.798,29.215,51.008
NAWA,1994,316216.733,25.624,103.232,19.196,2.213,9543.245,3.961,1.758,29.166,49.073
NAWA,1995,323292.773,26.192,103.233,19.376,2.166,9501.32,3.834,1.707,29.119,47.287
NAWA,1996,330372.324,26.753,103.242,19.567,2.076,9461.146,3.715,1.66,29.075,45.444
NAWA,1997,337302.648,27.315,103.269,19.767,2.079,9517.133,3.638,1.63,29.032,43.701
NAWA,1998,344390.061,27.885,103.288,19.989,2.055,9576.656,3.567,1.603,29.028,41.912
NAWA,1999,351540.08,28.458,103.31,20.233,2.016,9613.391,3.485,1.569,29.022,40.345
NAWA,2000,358697.45,29.047,103.433,20.478,2.076,9628.477,3.402,1.538,29.047,38.602
NAWA,2001,366221.984,29.648,103.645,20.721,2.025,9661.891,3.327,1.51,29.046,37.066
NAWA,2002,373713.596,30.257,103.851,20.976,2.039,9683.134,3.251,1.48,29.023,35.622
NAWA,2003,381412.32,30.868,104.044,21.24,1.957,9801.904,3.207,1.464,28.994,34.422
NAWA,2004,388950.378,31.487,104.217,21.512,2.015,9976.508,3.183,1.455,28.965,33.391
NAWA,2005,396868.222,32.132,104.391,21.789,2.039,10165.55,3.163,1.449,28.937,32.089
NAWA,2006,405044.677,32.804,104.628,22.086,2.101,10395.37,3.156,1.451,28.913,30.399
NAWA,2007,413644.087,33.516,104.926,22.402,2.191,10643.956,3.151,1.453,28.908,29.01
NAWA,2008,422804.952,34.261,105.207,22.693,2.211,10863.454,3.136,1.449,28.91,27.908
NAWA,2009,432257.322,35.011,105.41,22.957,2.12,11087.147,3.133,1.45,28.917,26.776
NAWA,2010,441518.873,35.748,105.559,23.212,2.045,11310.492,3.132,1.453,28.95,25.869
NAWA,2011,450642.395,36.497,105.784,23.464,2.103,11505.407,3.129,1.453,28.961,25.034
NAWA,2012,460221.827,37.286,106.053,23.709,2.173,11823.304,3.164,1.471,28.957,24.41
NAWA,2013,470333.033,38.113,106.264,23.929,2.215,11998.98,3.163,1.472,28.97,23.714
NAWA,2014,480865.875,38.984,106.466,24.143,2.299,12186.609,3.171,1.479,29.003,22.894
NAWA,2015,492047.22,39.874,106.663,24.366,2.22,12266.797,3.144,1.468,29.026,22.356
NAWA,2016,503094.035,40.712,106.755,24.58,1.941,12200.21,3.082,1.441,29.051,21.715
NAWA,2017,512955.434,41.472,106.614,24.765,1.761,12210.732,3.047,1.426,29.085,21.196
NAWA,2018,522068.138,42.189,106.31,24.929,1.667,11980.199,2.954,1.384,29.119,20.897
NAWA,2019,530845.715,42.9,106.039,25.096,1.677,11824.821,2.881,1.351,29.129,20.511
NAWA,2020,539821.021,43.591,105.776,25.252,1.518,11737.736,2.83,1.329,29.129,20.079
NAWA,2021,548077.234,44.27,105.628,25.402,1.575,11603.735,2.771,1.302,29.144,19.672
NAWA,2022,556776.711,45.07,105.707,25.608,2.003,11594.814,2.737,1.288,29.142,19.264
NAWA,2023,568040.469,45.879,105.781,25.872,1.56,11764.184,2.733,1.282,29.139,19.048
CSA,1950,476561.076,46.623,106.533,19.724,2.113,21403.47,5.888,1.698,28.235,184.248
CSA,1951,486737.775,47.637,106.574,19.705,2.191,21941.706,5.92,1.728,28.232,181.111
CSA,1952,497522.291,48.707,106.623,19.673,2.248,22529.443,5.958,1.762,28.229,177.993
CSA,1953,508834.646,49.809,106.657,19.622,2.228,23120.176,5.994,1.791,28.225,175.131
CSA,1954,520298.311,50.96,106.685,19.556,2.339,23701.149,6.03,1.832,28.22,171.722
CSA,1955,532611.361,52.171,106.718,19.485,2.361,24213.19,6.043,1.857,28.215,168.837
CSA,1956,545333.738,53.428,106.754,19.409,2.4,24720.666,6.055,1.878,28.208,166.254
CSA,1957,558577.451,54.701,106.763,19.325,2.311,25236.556,6.068,1.898,28.2,163.809
CSA,1958,571634.333,56.014,106.781,19.237,2.431,25685.668,6.076,1.917,28.19,161.411
CSA,1959,585699.321,57.397,106.826,19.141,2.447,26169.514,6.083,1.938,28.177,159.004
CSA,1960,600211.117,58.828,106.862,19.02,2.479,26761.743,6.113,1.963,28.162,156.992
CSA,1961,615277.469,60.315,106.905,18.882,2.512,27299.434,6.129,1.982,28.149,154.944
CSA,1962,630929.827,61.836,106.933,18.729,2.469,27846.366,6.142,2.002,28.144,152.949
CSA,1963,646701.8,63.388,106.945,18.565,2.488,28351.068,6.147,2.018,28.142,151.189
CSA,1964,662993.087,64.979,106.95,18.404,2.472,28864.466,6.145,2.035,28.138,149.311
CSA,1965,679586.742,66.57,106.94,18.26,2.365,29268.01,6.108,1.995,28.099,152.653
CSA,1966,695851.606,68.144,106.909,18.131,2.309,29652.929,6.057,1.999,28.049,150.644
CSA,1967,712108.77,69.761,106.886,18.008,2.38,30105.387,6.015,2,28.003,148.96
CSA,1968,729257.62,71.416,106.845,17.925,2.312,30551.603,5.959,2.029,27.981,142.933
CSA,1969,746318.123,73.084,106.778,17.884,2.304,30966.756,5.897,2.022,27.95,141.26
CSA,1970,763709.228,74.827,106.769,17.881,2.409,31494.215,5.848,1.993,27.918,141.019
CSA,1971,782329.546,76.539,106.669,17.886,2.119,32151.632,5.795,1.949,27.845,143.267
CSA,1972,799081.898,78.287,106.557,17.898,2.395,32713.86,5.723,1.996,27.755,136.514
CSA,1973,818452.572,80.181,106.551,17.931,2.387,33333.393,5.653,1.984,27.672,134.626
CSA,1974,838222.832,82.149,106.56,17.978,2.46,33941.925,5.588,1.975,27.646,132.499
CSA,1975,859102.343,84.189,106.594,18.045,2.445,34343.127,5.486,1.954,27.633,129.943
CSA,1976,880370.329,86.274,106.613,18.119,2.448,35113.582,5.433,1.949,27.601,127.552
CSA,1977,902185.617,88.424,106.629,18.198,2.475,35536.806,5.336,1.929,27.615,125.071
CSA,1978,924793.719,90.598,106.624,18.276,2.383,36140.943,5.245,1.912,27.536,122.508
CSA,1979,947099.138,92.83,106.601,18.357,2.484,36979.522,5.182,1.91,27.394,119.65
CSA,1980,970924.184,95.153,106.585,18.444,2.457,37950.252,5.148,1.914,27.347,116.842
CSA,1981,995080.092,97.528,106.599,18.534,2.475,38671.693,5.078,1.906,27.276,114.011
CSA,1982,1020012.467,99.968,106.601,18.612,2.467,39319.936,5.001,1.896,27.199,111.231
CSA,1983,1045493.506,102.468,106.56,18.672,2.472,39949.968,4.936,1.887,27.158,108.481
CSA,1984,1071657.86,105.02,106.5,18.722,2.449,40672.223,4.882,1.879,27.082,106.003
CSA,1985,1098223.289,107.614,106.423,18.77,2.431,41116.247,4.795,1.86,26.98,103.491
CSA,1986,1125248.326,110.259,106.345,18.823,2.426,41740.391,4.737,1.853,26.925,100.722
CSA,1987,1152883.549,112.937,106.262,18.883,2.374,41856.752,4.636,1.823,26.955,98.328
CSA,1988,1180580.877,115.634,106.181,18.952,2.345,42078.168,4.529,1.794,26.816,95.885
CSA,1989,1208597.22,118.362,106.117,19.024,2.319,42290.104,4.432,1.767,26.713,93.579
CSA,1990,1236947.886,121.106,106.078,19.107,2.265,42368.482,4.335,1.735,26.704,91.397
CSA,1991,1265284.573,123.854,106.051,19.2,2.224,42461.998,4.23,1.696,26.585,89.524
CSA,1992,1293745.605,126.621,106.004,19.293,2.194,42427.744,4.12,1.666,26.487,86.981
CSA,1993,1322449.371,129.348,105.964,19.388,2.069,42352.959,4.016,1.629,26.46,84.883
CSA,1994,1350090.348,132.025,105.949,19.498,2.028,42406.903,3.924,1.598,26.327,82.911
CSA,1995,1377756.194,134.73,105.941,19.63,2.028,42388.649,3.829,1.565,26.25,80.821
CSA,1996,1405985.327,137.461,105.937,19.778,1.985,42331.552,3.738,1.535,26.247,78.656
CSA,1997,1434177.745,140.2,105.927,19.939,1.961,42414.264,3.66,1.509,26.266,76.406
CSA,1998,1462574.643,142.96,105.912,20.111,1.938,42537.394,3.58,1.483,26.238,74.11
CSA,1999,1491196.452,145.755,105.897,20.291,1.935,42752.103,3.513,1.463,26.259,71.693
CSA,2000,1520330.287,148.565,105.893,20.484,1.885,43172.319,3.46,1.449,26.251,69.275
CSA,2001,1549258.331,151.39,105.876,20.683,1.882,43404.591,3.393,1.429,26.234,66.874
CSA,2002,1578695.372,154.167,105.822,20.88,1.755,43209.355,3.301,1.399,26.283,64.476
CSA,2003,1606646.277,156.919,105.778,21.091,1.783,42930.488,3.213,1.367,26.323,62.213
CSA,2004,1635555.584,159.705,105.755,21.325,1.737,42678.017,3.131,1.338,26.435,59.961
CSA,2005,1664213.909,162.439,105.727,21.572,1.658,42244.419,3.05,1.309,26.695,57.824
CSA,2006,1692028.129,165.135,105.685,21.829,1.635,42050.393,2.98,1.288,26.799,55.547
CSA,2007,1719925.399,167.755,105.616,22.098,1.514,41953.723,2.908,1.263,26.758,53.476
CSA,2008,1746155.199,170.315,105.526,22.369,1.516,42042.342,2.856,1.246,26.709,51.41
CSA,2009,1772825.507,172.936,105.431,22.643,1.539,42215.678,2.818,1.235,26.746,49.493
CSA,2010,1800313.819,175.576,105.335,22.924,1.492,41987.659,2.752,1.211,26.741,47.525
CSA,2011,1827369.307,178.19,105.245,23.21,1.464,41818.929,2.694,1.192,26.708,45.532
CSA,2012,1854314.552,180.745,105.166,23.498,1.384,41682.476,2.644,1.175,26.667,43.567
CSA,2013,1880161.388,183.217,105.091,23.79,1.333,41374.299,2.594,1.158,26.716,41.669
CSA,2014,1905400.825,185.62,105.018,24.091,1.273,40517.96,2.521,1.129,26.941,39.817
CSA,2015,1929811.875,187.94,104.949,24.395,1.211,40665.925,2.514,1.13,27.236,38.05
CSA,2016,1953322.254,190.251,104.881,24.699,1.234,40688.658,2.504,1.13,27.545,36.295
CSA,2017,1977573.039,192.573,104.827,25.001,1.192,39934.439,2.436,1.104,27.611,34.751
CSA,2018,2001284.699,194.869,104.794,25.3,1.179,40123.738,2.423,1.102,27.616,33.269
CSA,2019,2025012.436,197.151,104.775,25.602,1.151,39622.087,2.37,1.082,27.631,31.966
CSA,2020,2048450.375,199.398,104.744,25.904,1.116,39081.337,2.316,1.062,27.651,30.725
CSA,2021,2071434.114,201.449,104.683,26.177,0.932,39091.17,2.294,1.053,27.676,29.496
CSA,2022,2090826.199,203.451,104.592,26.466,1.045,39141.419,2.274,1.048,27.682,28.325
CSA,2023,2112791.911,205.589,104.475,26.79,1.045,39083.385,2.255,1.042,27.681,27.185
ESEA,1950,829019.819,51.505,103.08,21.117,1.78,33449.85,5.542,1.824,29.883,128.513
ESEA,1951,843908.534,52.429,102.877,20.956,1.777,33047.701,5.383,1.805,29.86,125.409
ESEA,1952,859038.534,53.492,102.749,20.78,2.233,36686.962,5.875,2.015,29.862,121.979
ESEA,1953,878433.044,54.658,102.677,20.596,2.082,35470.521,5.577,1.931,29.824,119.435
ESEA,1954,896912.401,55.857,102.632,20.446,2.257,37093.124,5.729,2.016,29.812,116.987
ESEA,1955,917382.975,57.136,102.59,20.308,2.269,37584.552,5.702,2.032,29.791,113.868
ESEA,1956,938432.421,58.402,102.539,20.194,2.119,36434.024,5.432,1.955,29.769,111.409
ESEA,1957,958527.03,59.733,102.495,20.061,2.383,39500.424,5.794,2.105,29.787,108.935
ESEA,1958,981642.63,61.085,102.449,19.918,2.096,37084.406,5.35,1.962,29.753,106.138
ESEA,1959,1002431.506,62.119,102.376,19.874,1.271,33279.535,4.727,1.559,29.71,133.574
ESEA,1960,1015250.661,62.766,102.278,19.918,0.802,32510.408,4.556,1.36,29.7,156.8
ESEA,1961,1023424.388,63.332,102.19,20.004,0.996,30045.333,4.156,1.389,29.678,129.004
ESEA,1962,1033665.666,64.412,102.146,19.952,2.372,40355.868,5.528,2.101,29.824,96.533
ESEA,1963,1058472.807,66.132,102.142,19.647,2.895,47233.746,6.396,2.45,29.94,94.449
ESEA,1964,1089558.685,67.958,102.147,19.295,2.556,43992.951,5.873,2.269,29.971,92.009
ESEA,1965,1117767.39,69.688,102.129,19.004,2.472,44289.001,5.825,2.254,30.027,90.549
ESEA,1966,1145742.513,71.397,102.113,18.813,2.375,43116.535,5.573,2.179,30.029,87.65
ESEA,1967,1173277.041,73.071,102.107,18.738,2.263,41962.37,5.312,2.104,29.906,84.453
ESEA,1968,1200132.507,74.862,102.098,18.683,2.575,46103.919,5.717,2.278,30.02,82.272
ESEA,1969,1231432.509,76.776,102.101,18.647,2.478,45486.496,5.494,2.208,29.952,79.619
ESEA,1970,1262323.997,78.694,102.099,18.667,2.456,46209.867,5.423,2.197,29.899,76.882
ESEA,1971,1293704.881,80.583,102.115,18.729,2.291,44588.703,5.064,2.07,29.729,73.93
ESEA,1972,1323680.388,82.406,102.139,18.852,2.186,43682.935,4.798,1.975,29.591,71.287
ESEA,1973,1352935.073,84.189,102.148,19.011,2.096,42807.458,4.535,1.884,29.439,68.36
ESEA,1974,1381590.183,85.894,102.143,19.195,1.916,40570.57,4.138,1.731,29.254,65.872
ESEA,1975,1408320.145,87.464,102.124,19.442,1.708,37957.794,3.721,1.559,29.056,63.541
ESEA,1976,1432576.599,88.927,102.109,19.725,1.611,36795.759,3.472,1.457,28.87,61.412
ESEA,1977,1455846.881,90.326,102.096,20.024,1.512,35049.486,3.189,1.353,28.682,58.849
ESEA,1978,1478021.313,91.695,102.079,20.347,1.495,35095.285,3.086,1.318,28.492,56.865
ESEA,1979,1500289.869,93.106,102.066,20.661,1.56,36179.17,3.087,1.334,28.327,54.685
ESEA,1980,1523883.237,94.579,102.061,20.945,1.579,36802.973,3.054,1.325,28.125,52.953
ESEA,1981,1548131.802,96.105,102.054,21.147,1.621,37725.499,3.051,1.329,27.901,51.278
ESEA,1982,1573425.988,97.724,102.05,21.271,1.72,39700.014,3.132,1.37,27.724,49.672
ESEA,1983,1600729.297,99.334,102.049,21.367,1.55,37054.646,2.835,1.243,27.491,48.728
ESEA,1984,1625726.084,100.905,102.05,21.544,1.588,38235.482,2.831,1.244,27.341,47.641
ESEA,1985,1651755.406,102.535,102.06,21.82,1.617,39209.6,2.805,1.234,27.213,46.504
ESEA,1986,1678678.529,104.246,102.079,22.194,1.691,40867.201,2.825,1.244,27.126,45.421
ESEA,1987,1707305.091,106.054,102.112,22.563,1.747,42296.75,2.826,1.246,27.051,44.462
ESEA,1988,1737401.884,107.867,102.155,22.932,1.644,41249.356,2.671,1.177,26.988,43.754
ESEA,1989,1766195.749,109.657,102.206,23.282,1.649,42036.273,2.64,1.164,26.921,42.966
ESEA,1990,1795562.795,111.502,102.271,23.619,1.687,42904.713,2.621,1.155,26.866,42.052
ESEA,1991,1826113.714,113.19,102.324,23.983,1.32,37650.174,2.236,0.986,26.644,41.311
ESEA,1992,1850379.308,114.666,102.361,24.382,1.273,35985.73,2.106,0.93,26.709,40.29
ESEA,1993,1874076.44,116.082,102.394,24.804,1.182,35110.799,2.031,0.898,26.822,39.228
ESEA,1994,1896353.257,117.43,102.417,25.246,1.128,34444.354,1.977,0.874,26.952,38.045
ESEA,1995,1917860.292,118.744,102.435,25.707,1.098,33831.109,1.932,0.854,26.904,37.268
ESEA,1996,1939038.931,120.035,102.453,26.185,1.065,33062.601,1.891,0.837,26.943,35.961
ESEA,1997,1959790.88,121.289,102.468,26.669,1.015,32290.495,1.852,0.821,27.054,34.581
ESEA,1998,1979782.426,122.498,102.489,27.162,0.968,31569.587,1.821,0.809,27.094,33.194
ESEA,1999,1999042.141,123.64,102.514,27.662,0.888,31059.707,1.803,0.802,27.15,31.692
ESEA,2000,2016869.167,124.756,102.528,28.154,0.911,31696.802,1.851,0.825,27.179,30.037
ESEA,2001,2035321.903,125.85,102.537,28.632,0.834,30661.38,1.799,0.803,27.295,28.609
ESEA,2002,2052371.402,126.863,102.543,29.109,0.77,30334.425,1.787,0.8,27.332,27.183
ESEA,2003,2068233.361,127.83,102.543,29.584,0.75,30092.311,1.779,0.799,27.333,25.363
ESEA,2004,2083799.157,128.78,102.545,30.05,0.731,30282.373,1.793,0.804,27.373,24.266
ESEA,2005,2099091.884,129.746,102.546,30.5,0.763,30372.622,1.799,0.811,27.406,22.646
ESEA,2006,2115173.971,130.74,102.539,30.933,0.763,30772.209,1.819,0.821,27.46,21.383
ESEA,2007,2131368.719,131.752,102.537,31.339,0.779,31250.929,1.842,0.833,27.566,20.165
ESEA,2008,2148033.844,132.78,102.538,31.715,0.777,31786.5,1.866,0.842,27.632,19.425
ESEA,2009,2164782.713,133.832,102.54,32.057,0.801,32115.072,1.878,0.852,27.701,17.947
ESEA,2010,2182187.7,134.901,102.549,32.369,0.79,32048.401,1.868,0.849,27.783,17.051
ESEA,2011,2199491.767,135.953,102.551,32.664,0.764,32148.415,1.87,0.852,27.877,16.217
ESEA,2012,2216361.252,137.054,102.551,32.936,0.849,33627.92,1.956,0.893,27.932,15.239
ESEA,2013,2235256.74,138.161,102.548,33.213,0.76,32485.68,1.894,0.866,28.039,14.573
ESEA,2014,2252313.571,139.21,102.533,33.507,0.752,32848.988,1.921,0.881,28.127,13.826
ESEA,2015,2269325.014,140.196,102.503,33.822,0.66,31495.95,1.853,0.852,28.272,13.33
ESEA,2016,2284353.78,141.153,102.468,34.146,0.7,31969.199,1.894,0.872,28.362,12.662
ESEA,2017,2300410.042,142.114,102.417,34.477,0.657,31537.149,1.883,0.871,28.452,12.078
ESEA,2018,2315562.608,142.941,102.352,34.84,0.504,28248.071,1.705,0.788,28.593,11.955
ESEA,2019,2327269.103,143.61,102.289,35.229,0.431,27259.489,1.664,0.77,28.668,11.655
ESEA,2020,2337314.584,144.117,102.205,35.63,0.274,24218.744,1.496,0.698,28.823,11.716
ESEA,2021,2343728.363,144.408,102.107,36.047,0.129,22556.504,1.412,0.66,28.844,11.658
ESEA,2022,2346753.893,144.588,102.01,36.491,0.12,21417.501,1.36,0.636,28.855,11.581
ESEA,2023,2349572.733,144.71,101.898,36.957,0.049,20722.138,1.335,0.625,28.825,11.439
LAC,1950,165627.351,8.279,101.019,18.332,2.569,7304.86,5.792,2.061,29.005,141.445
LAC,1951,169936.964,8.496,100.911,18.285,2.604,7491.622,5.795,2.083,28.998,138.65
LAC,1952,174420.359,8.721,100.808,18.226,2.628,7677.255,5.799,2.105,28.993,135.845
LAC,1953,179065.147,8.954,100.71,18.151,2.645,7866.05,5.807,2.129,28.989,133.029
LAC,1954,183865.128,9.195,100.621,18.062,2.669,8056.712,5.818,2.153,28.982,130.232
LAC,1955,188839.365,9.445,100.539,17.966,2.684,8246.046,5.828,2.176,28.976,127.403
LAC,1956,193976.839,9.703,100.464,17.865,2.704,8443.877,5.843,2.2,28.973,124.565
LAC,1957,199293.643,9.969,100.395,17.76,2.714,8637.209,5.853,2.223,28.967,121.652
LAC,1958,204775.622,10.244,100.334,17.656,2.719,8826.017,5.858,2.243,28.969,118.873
LAC,1959,210419.191,10.527,100.278,17.554,2.737,9021.964,5.866,2.265,28.969,116
LAC,1960,216257.648,10.82,100.221,17.459,2.746,9214.037,5.866,2.283,28.972,113.274
LAC,1961,222278.098,11.122,100.171,17.375,2.763,9397.352,5.856,2.295,28.98,110.573
LAC,1962,228505.219,11.433,100.133,17.299,2.755,9592.873,5.846,2.307,28.985,107.968
LAC,1963,234887.733,11.751,100.101,17.232,2.741,9771.375,5.821,2.311,28.989,105.444
LAC,1964,241415.582,12.076,100.068,17.177,2.712,9904.925,5.763,2.305,28.989,102.887
LAC,1965,248051.84,12.406,100.031,17.144,2.674,10002.701,5.681,2.286,28.99,100.394
LAC,1966,254773.418,12.739,99.996,17.14,2.63,10080.125,5.58,2.259,28.984,98.029
LAC,1967,261561.857,13.076,99.963,17.166,2.584,10153.578,5.472,2.229,28.965,95.597
LAC,1968,268408.161,13.414,99.928,17.212,2.535,10235.618,5.364,2.197,28.939,93.176
LAC,1969,275300.589,13.756,99.895,17.271,2.495,10347.179,5.267,2.167,28.906,90.824
LAC,1970,282257.09,14.1,99.866,17.342,2.439,10469.245,5.17,2.125,28.859,89.141
LAC,1971,289224.775,14.447,99.837,17.425,2.426,10597.976,5.074,2.111,28.816,86.282
LAC,1972,296327.819,14.8,99.805,17.52,2.399,10716.866,4.97,2.077,28.754,84.138
LAC,1973,303521.598,15.157,99.768,17.624,2.378,10838.502,4.867,2.047,28.701,81.79
LAC,1974,310826.114,15.519,99.724,17.739,2.341,10933.63,4.75,2.008,28.634,79.585
LAC,1975,318188.663,15.884,99.684,17.864,2.312,11050.709,4.644,1.975,28.574,77.152
LAC,1976,325631.823,16.253,99.65,17.996,2.281,11182.987,4.547,1.939,28.514,75.054
LAC,1977,333144.09,16.629,99.621,18.135,2.285,11313.399,4.452,1.912,28.453,72.527
LAC,1978,340844.65,17.011,99.594,18.281,2.264,11429.467,4.353,1.879,28.398,70.258
LAC,1979,348650.884,17.398,99.564,18.433,2.233,11530.095,4.249,1.844,28.334,67.938
LAC,1980,356523.85,17.788,99.532,18.593,2.202,11615.805,4.145,1.807,28.273,65.55
LAC,1981,364462.484,18.179,99.466,18.778,2.143,11720.65,4.05,1.775,28.206,63.158
LAC,1982,372358.558,18.572,99.368,18.985,2.133,11829.89,3.96,1.742,28.145,60.937
LAC,1983,380385.43,18.972,99.276,19.196,2.128,11903.542,3.864,1.709,28.078,58.393
LAC,1984,388567.665,19.376,99.194,19.411,2.089,11943.528,3.765,1.672,28.022,56.131
LAC,1985,396770.291,19.78,99.116,19.627,2.043,11983.059,3.67,1.634,27.94,54.099
LAC,1986,404960.413,20.184,99.042,19.842,1.996,12027.805,3.582,1.604,27.832,51.876
LAC,1987,413123.055,20.587,98.97,20.053,1.963,12006.374,3.483,1.565,27.728,49.898
LAC,1988,421311.64,20.992,98.898,20.262,1.934,11994.576,3.394,1.531,27.626,47.947
LAC,1989,429539.767,21.398,98.825,20.468,1.892,12003.492,3.317,1.501,27.538,46.024
LAC,1990,437741.901,21.805,98.761,20.68,1.875,11999.21,3.242,1.472,27.464,44.079
LAC,1991,446027.411,22.209,98.706,20.9,1.8,11992.908,3.169,1.444,27.389,42.228
LAC,1992,454130.325,22.611,98.647,21.125,1.785,11958.844,3.095,1.415,27.332,40.381
LAC,1993,462309.257,23.01,98.586,21.358,1.717,11979.477,3.038,1.394,27.271,38.601
LAC,1994,470316.033,23.405,98.526,21.598,1.69,11962.497,2.977,1.37,27.221,36.84
LAC,1995,478330.265,23.799,98.47,21.844,1.651,11939.205,2.917,1.346,27.171,35.142
LAC,1996,486291.856,24.19,98.416,22.095,1.608,11873.14,2.85,1.318,27.114,33.489
LAC,1997,494176.042,24.578,98.364,22.351,1.575,11839.594,2.794,1.296,27.067,31.89
LAC,1998,502021.738,24.967,98.311,22.61,1.562,11797.968,2.739,1.271,27.024,30.568
LAC,1999,509923.792,25.352,98.258,22.874,1.497,11713.22,2.674,1.246,26.977,28.926
LAC,2000,517614.361,25.724,98.201,23.15,1.423,11603.539,2.609,1.218,26.938,27.546
LAC,2001,525032.326,26.085,98.151,23.44,1.36,11471.965,2.543,1.19,26.905,26.236
LAC,2002,532219.394,26.436,98.109,23.742,1.315,11343.362,2.482,1.164,26.897,24.996
LAC,2003,539263.101,26.779,98.066,24.054,1.262,11202.884,2.423,1.138,26.904,23.852
LAC,2004,546112.796,27.114,98.025,24.376,1.231,11132.206,2.381,1.119,26.895,22.882
LAC,2005,552875.045,27.446,97.985,24.702,1.2,11069.698,2.342,1.103,26.875,21.827
LAC,2006,559549.323,27.774,97.948,25.034,1.175,10967.924,2.297,1.083,26.861,20.942
LAC,2007,566160.478,28.1,97.914,25.367,1.162,10894.513,2.259,1.067,26.841,20.144
LAC,2008,572775.527,28.425,97.878,25.703,1.137,10868.054,2.232,1.055,26.834,19.394
LAC,2009,579322.679,28.745,97.835,26.042,1.106,10843.675,2.208,1.044,26.832,18.701
LAC,2010,585768.017,29.059,97.793,26.383,1.066,10799.683,2.181,1.027,26.848,18.668
LAC,2011,592047.67,29.372,97.75,26.725,1.074,10790.123,2.164,1.025,26.861,17.544
LAC,2012,598437.705,29.684,97.703,27.068,1.044,10721.093,2.135,1.013,26.858,17.008
LAC,2013,604716.137,29.993,97.656,27.413,1.027,10678.003,2.113,1.003,26.895,16.52
LAC,2014,610958.863,30.298,97.605,27.758,0.996,10648.345,2.096,0.996,26.959,16.084
LAC,2015,617071.61,30.596,97.546,28.104,0.958,10542.289,2.066,0.982,27.031,15.706
LAC,2016,623013.608,30.886,97.479,28.452,0.93,10322.871,2.015,0.958,27.092,15.391
LAC,2017,628831.68,31.165,97.414,28.805,0.869,10238.395,1.991,0.947,27.18,15.056
LAC,2018,634319.189,31.433,97.358,29.163,0.846,10172.142,1.973,0.939,27.283,14.699
LAC,2019,639705.132,31.689,97.301,29.527,0.776,9957.406,1.928,0.918,27.346,14.365
LAC,2020,644685.94,31.912,97.213,29.881,0.632,9660.792,1.869,0.89,27.395,14.029
LAC,2021,648772.828,32.097,97.092,30.209,0.52,9541.936,1.845,0.878,27.449,13.765
LAC,2022,652157.752,32.289,96.998,30.552,0.675,9437.516,1.824,0.869,27.513,13.496
LAC,2023,656575.828,32.513,96.946,30.928,0.703,9354.81,1.807,0.862,27.512,13.115
OCexclAUSNZ,1950,2467.891,4.606,117.023,17.453,2.096,111.115,5.956,1.91,29.362,143.581
OCexclAUSNZ,1951,2520.171,4.7,116.337,17.507,1.968,114.786,5.986,1.801,29.353,145.909
OCexclAUSNZ,1952,2570.255,4.802,115.665,17.534,2.327,118.225,6.007,1.974,29.338,136.922
OCexclAUSNZ,1953,2630.753,4.918,114.966,17.532,2.438,121.739,6.041,2.01,29.361,133.589
OCexclAUSNZ,1954,2695.67,5.041,114.287,17.506,2.499,124.578,6.042,2.033,29.365,130.188
OCexclAUSNZ,1955,2763.879,5.171,113.634,17.46,2.597,128.04,6.081,2.071,29.37,126.798
OCexclAUSNZ,1956,2836.596,5.309,113.006,17.392,2.667,131.085,6.105,2.099,29.376,123.751
OCexclAUSNZ,1957,2913.276,5.453,112.434,17.308,2.675,134.347,6.142,2.141,29.375,120.224
OCexclAUSNZ,1958,2992.262,5.601,111.922,17.205,2.702,137.188,6.164,2.171,29.376,117.139
OCexclAUSNZ,1959,3074.219,5.755,111.451,17.085,2.705,139.8,6.18,2.2,29.382,114.004
OCexclAUSNZ,1960,3158.518,5.913,111.053,16.958,2.717,142.703,6.209,2.233,29.389,110.989
OCexclAUSNZ,1961,3245.501,6.069,110.806,16.835,2.485,145.426,6.235,2.265,29.426,108.042
OCexclAUSNZ,1962,3327.154,6.221,110.666,16.716,2.481,148.902,6.265,2.292,29.389,105.393
OCexclAUSNZ,1963,3410.736,6.376,110.57,16.609,2.441,151.278,6.251,2.318,29.419,102.197
OCexclAUSNZ,1964,3495.012,6.532,110.521,16.515,2.391,154.153,6.25,2.335,29.475,99.686
OCexclAUSNZ,1965,3579.576,6.69,110.494,16.431,2.392,156.693,6.22,2.35,29.491,96.759
OCexclAUSNZ,1966,3666.218,6.852,110.451,16.356,2.395,159.644,6.199,2.363,29.505,94.246
OCexclAUSNZ,1967,3755.075,7.013,110.414,16.286,2.256,161.932,6.156,2.369,29.524,91.701
OCexclAUSNZ,1968,3840.759,7.175,110.435,16.217,2.294,164.588,6.12,2.376,29.505,89.201
OCexclAUSNZ,1969,3929.895,7.343,110.483,16.157,2.352,167.312,6.089,2.382,29.491,86.761
OCexclAUSNZ,1970,4023.415,7.52,110.493,16.107,2.397,169.634,6.038,2.381,29.495,84.441
OCexclAUSNZ,1971,4121.036,7.702,110.463,16.068,2.377,171.777,5.975,2.372,29.495,82.194
OCexclAUSNZ,1972,4220.16,7.884,110.375,16.071,2.318,173.686,5.9,2.36,29.502,79.943
OCexclAUSNZ,1973,4319.112,8.066,110.243,16.122,2.246,174.757,5.826,2.344,29.507,77.767
OCexclAUSNZ,1974,4417.218,8.249,110.137,16.197,2.237,175.92,5.751,2.331,29.504,75.514
OCexclAUSNZ,1975,4517.14,8.435,110.043,16.297,2.207,177.778,5.693,2.32,29.491,73.384
OCexclAUSNZ,1976,4617.95,8.621,109.939,16.421,2.176,179.813,5.635,2.314,29.481,71.104
OCexclAUSNZ,1977,4719.533,8.81,109.816,16.567,2.142,181.653,5.565,2.299,29.478,69.094
OCexclAUSNZ,1978,4821.707,9,109.687,16.724,2.137,183.307,5.479,2.277,29.463,67.113
OCexclAUSNZ,1979,4925.872,9.194,109.725,16.893,2.124,185.062,5.393,2.252,29.459,65.223
OCexclAUSNZ,1980,5031.618,9.393,109.762,17.071,2.156,187.362,5.319,2.232,29.458,63.337
OCexclAUSNZ,1981,5141.293,9.599,109.687,17.216,2.186,190.494,5.256,2.215,29.443,61.61
OCexclAUSNZ,1982,5254.939,9.811,109.666,17.332,2.174,193.814,5.189,2.196,29.424,60.038
OCexclAUSNZ,1983,5370.454,10.027,109.655,17.452,2.192,198.172,5.145,2.185,29.41,58.672
OCexclAUSNZ,1984,5489.481,10.249,109.646,17.572,2.19,201.726,5.082,2.165,29.408,57.232
OCexclAUSNZ,1985,5611.024,10.477,109.642,17.689,2.201,205.187,5.017,2.143,29.414,56.034
OCexclAUSNZ,1986,5735.907,10.707,109.631,17.801,2.154,208.221,4.945,2.116,29.43,54.971
OCexclAUSNZ,1987,5860.811,10.937,109.595,17.909,2.084,211.479,4.883,2.096,29.431,53.799
OCexclAUSNZ,1988,5984.232,11.165,109.548,18.011,2.042,214.856,4.825,2.076,29.423,52.708
OCexclAUSNZ,1989,6107.71,11.4,109.476,18.105,2.131,217.371,4.757,2.051,29.428,51.773
OCexclAUSNZ,1990,6239.27,11.663,109.271,18.194,2.422,220.516,4.706,2.032,29.413,50.79
OCexclAUSNZ,1991,6392.25,11.968,108.989,18.289,2.735,223.021,4.649,2.009,29.41,49.993
OCexclAUSNZ,1992,6569.476,12.307,108.738,18.398,2.86,226.994,4.587,1.987,29.413,49.178
OCexclAUSNZ,1993,6760.084,12.663,108.497,18.515,2.842,231.992,4.531,1.966,29.42,48.574
OCexclAUSNZ,1994,6954.965,13.027,108.266,18.634,2.816,235.921,4.455,1.936,29.423,47.987
OCexclAUSNZ,1995,7153.597,13.398,108.037,18.756,2.8,240.104,4.388,1.909,29.443,47.42
OCexclAUSNZ,1996,7356.716,13.783,107.798,18.884,2.866,245.598,4.342,1.89,29.461,46.948
OCexclAUSNZ,1997,7570.608,14.187,107.551,19.019,2.911,251.004,4.287,1.868,29.486,46.558
OCexclAUSNZ,1998,7794.234,14.601,107.316,19.154,2.844,256.355,4.229,1.827,29.507,46.953
OCexclAUSNZ,1999,8019.11,15.021,107.094,19.291,2.832,262.607,4.184,1.825,29.501,45.62
OCexclAUSNZ,2000,8249.426,15.443,106.906,19.424,2.706,268.127,4.129,1.802,29.49,45.079
OCexclAUSNZ,2001,8475.732,15.862,106.819,19.548,2.654,273.484,4.085,1.783,29.473,44.597
OCexclAUSNZ,2002,8703.667,16.286,106.803,19.671,2.62,278.355,4.042,1.764,29.464,44.217
OCexclAUSNZ,2003,8934.76,16.716,106.79,19.797,2.595,283.341,4.001,1.748,29.46,43.639
OCexclAUSNZ,2004,9169.625,17.152,106.781,19.928,2.553,287.535,3.95,1.726,29.446,43.052
OCexclAUSNZ,2005,9406.697,17.592,106.772,20.062,2.512,291.961,3.906,1.708,29.456,42.454
OCexclAUSNZ,2006,9646.018,18.037,106.768,20.199,2.488,296.741,3.866,1.693,29.449,41.761
OCexclAUSNZ,2007,9889.054,18.488,106.764,20.34,2.454,300.845,3.818,1.673,29.436,41.183
OCexclAUSNZ,2008,10134.722,18.942,106.734,20.481,2.396,305.513,3.778,1.661,29.429,40.394
OCexclAUSNZ,2009,10380.525,19.401,106.678,20.623,2.387,308.939,3.725,1.64,29.414,39.788
OCexclAUSNZ,2010,10631.249,19.878,106.61,20.77,2.474,313.533,3.684,1.628,29.363,38.984
OCexclAUSNZ,2011,10897.581,20.363,106.518,20.926,2.353,317.162,3.632,1.609,29.354,38.217
OCexclAUSNZ,2012,11156.997,20.841,106.399,21.088,2.284,320.504,3.584,1.592,29.339,37.46
OCexclAUSNZ,2013,11414.703,21.317,106.27,21.251,2.231,323.355,3.533,1.574,29.313,36.66
OCexclAUSNZ,2014,11672.248,21.79,106.133,21.416,2.163,326.434,3.491,1.559,29.32,35.912
OCexclAUSNZ,2015,11927.456,22.257,105.983,21.584,2.077,327.744,3.434,1.537,29.324,35.134
OCexclAUSNZ,2016,12177.839,22.718,105.831,21.756,2.022,328.945,3.38,1.515,29.319,34.349
OCexclAUSNZ,2017,12426.532,23.175,105.679,21.931,1.966,329.21,3.318,1.491,29.286,33.596
OCexclAUSNZ,2018,12673.197,23.627,105.536,22.109,1.898,330.463,3.271,1.471,29.259,32.869
OCexclAUSNZ,2019,12916.011,24.065,105.393,22.287,1.781,330.574,3.216,1.449,29.234,32.068
OCexclAUSNZ,2020,13148.134,24.496,105.212,22.464,1.766,331.652,3.176,1.434,29.212,31.271
OCexclAUSNZ,2021,13382.442,24.919,105.016,22.633,1.655,331.446,3.125,1.411,29.195,30.374
OCexclAUSNZ,2022,13605.753,25.33,104.84,22.806,1.617,331.463,3.079,1.394,29.176,29.51
OCexclAUSNZ,2023,13827.509,25.74,104.68,22.998,1.597,329.697,3.023,1.37,29.165,28.682
EUNA,1950,713009.446,17.599,89.787,27.904,1.079,16227.106,2.777,1.198,28.383,67.582
EUNA,1951,720744.177,17.785,89.981,27.994,1.027,16247.939,2.769,1.196,28.32,67.02
EUNA,1952,728186.673,17.973,90.147,28.1,1.078,16342.251,2.779,1.216,28.302,61.791
EUNA,1953,736081.531,18.173,90.309,28.215,1.134,16354.654,2.776,1.226,28.24,57.449
EUNA,1954,744474.879,18.382,90.459,28.331,1.147,16536.705,2.803,1.247,28.192,55.43
EUNA,1955,753063.2,18.595,90.596,28.455,1.156,16594.288,2.808,1.258,28.129,51.427
EUNA,1956,761822.217,18.81,90.716,28.581,1.146,16700.585,2.819,1.279,28.028,44.445
EUNA,1957,770604.226,19.036,90.825,28.71,1.238,16882.266,2.84,1.29,27.909,43.08
EUNA,1958,780199.833,19.272,90.92,28.817,1.227,16937.132,2.839,1.298,27.755,40.281
EUNA,1959,789829.817,19.506,91.021,28.909,1.19,17037.746,2.847,1.305,27.646,38.728
EUNA,1960,799287.515,19.739,91.151,29.015,1.19,17018.184,2.84,1.307,27.579,36.227
EUNA,1961,808852.155,19.976,91.277,29.111,1.191,16901.637,2.821,1.303,27.487,34.043
EUNA,1962,818539.722,20.21,91.405,29.17,1.141,16487.381,2.758,1.277,27.429,32.764
EUNA,1963,827935.311,20.437,91.525,29.183,1.089,16307.077,2.732,1.266,27.401,31.638
EUNA,1964,837002.079,20.655,91.638,29.181,1.042,16020.17,2.687,1.25,27.385,30.022
EUNA,1965,845767.629,20.863,91.741,29.237,0.959,15401.319,2.581,1.202,27.334,28.483
EUNA,1966,853919.091,21.059,91.803,29.314,0.911,15082.288,2.517,1.175,27.252,27.672
EUNA,1967,861733.294,21.243,91.838,29.426,0.826,14975.557,2.473,1.155,27.196,26.893
EUNA,1968,868882.776,21.418,91.874,29.558,0.82,14760.646,2.414,1.128,27.117,26.753
EUNA,1969,876032.661,21.593,91.944,29.691,0.806,14777.288,2.378,1.112,27.021,25.937
EUNA,1970,883122.259,21.759,91.96,29.837,0.726,14817.232,2.347,1.099,26.901,24.782
EUNA,1971,889554.01,21.932,91.992,29.949,0.857,14711.667,2.287,1.073,26.829,23.159
EUNA,1972,897212.31,22.112,92.096,30.037,0.775,14274.874,2.174,1.021,26.758,22.045
EUNA,1973,904189.266,22.277,92.187,30.088,0.713,13964.155,2.083,0.979,26.683,21.631
EUNA,1974,910661.462,22.432,92.261,30.099,0.676,14104.644,2.06,0.97,26.598,21.277
EUNA,1975,916837.811,22.577,92.3,30.108,0.615,13966.143,2.001,0.942,26.525,20.589
EUNA,1976,922494.756,22.718,92.333,30.115,0.626,13960.588,1.965,0.926,26.465,19.932
EUNA,1977,928285.812,22.86,92.379,30.202,0.626,14043.636,1.945,0.918,26.423,18.98
EUNA,1978,934111.972,23.001,92.437,30.385,0.599,14025.611,1.913,0.904,26.385,18.235
EUNA,1979,939723.824,23.142,92.512,30.599,0.625,14175.376,1.908,0.902,26.356,17.441
EUNA,1980,945611.513,23.292,92.605,30.803,0.668,14305.238,1.902,0.9,26.323,16.723
EUNA,1981,951950.557,23.438,92.708,31.006,0.587,14213.328,1.87,0.886,26.374,15.982
EUNA,1982,957551.735,23.574,92.801,31.215,0.57,14321.639,1.868,0.886,26.425,15.414
EUNA,1983,963021.635,23.71,92.89,31.415,0.573,14342.828,1.858,0.882,26.489,14.897
EUNA,1984,968559.219,23.844,92.983,31.615,0.554,14262.163,1.839,0.873,26.54,14.648
EUNA,1985,973938.76,23.977,93.072,31.826,0.56,14225.729,1.83,0.87,26.6,14.298
EUNA,1986,979407.952,24.114,93.175,32.044,0.583,14325.494,1.842,0.876,26.696,13.795
EUNA,1987,985138.894,24.254,93.31,32.284,0.577,14328.528,1.845,0.878,26.769,13.576
EUNA,1988,990835.988,24.397,93.397,32.533,0.599,14276.905,1.844,0.878,26.778,12.946
EUNA,1989,996792.676,24.539,93.463,32.786,0.559,14063.49,1.822,0.868,26.769,12.405
EUNA,1990,1002375.983,24.682,93.587,33.042,0.606,13915.861,1.812,0.864,26.75,11.75
EUNA,1991,1008467.568,24.825,93.703,33.302,0.547,13473.067,1.762,0.841,26.745,11.295
EUNA,1992,1013996.772,24.938,93.82,33.575,0.364,13007.326,1.709,0.815,26.814,10.892
EUNA,1993,1017689.896,25.03,93.921,33.857,0.373,12471.238,1.65,0.787,26.893,10.607
EUNA,1994,1021491.65,25.129,93.964,34.147,0.417,12201.96,1.624,0.775,26.985,10.179
EUNA,1995,1025764.784,25.216,94.009,34.438,0.273,11922.563,1.593,0.76,27.118,9.582
EUNA,1996,1028569.869,25.289,94.068,34.73,0.301,11794.74,1.582,0.756,27.271,9.188
EUNA,1997,1031670.065,25.361,94.101,35.034,0.272,11658.922,1.57,0.75,27.418,8.818
EUNA,1998,1034479.768,25.419,94.163,35.352,0.185,11609.249,1.568,0.75,27.531,8.6
EUNA,1999,1036393.356,25.475,94.24,35.667,0.257,11479.971,1.559,0.745,27.659,8.288
EUNA,2000,1039059.016,25.548,94.284,35.959,0.308,11595.87,1.579,0.755,27.796,7.967
EUNA,2001,1042269.372,25.626,94.311,36.249,0.304,11514.036,1.569,0.751,27.92,7.686
EUNA,2002,1045441.609,25.725,94.329,36.523,0.464,11574.268,1.578,0.755,28.032,7.49
EUNA,2003,1050301.214,25.832,94.35,36.773,0.37,11781.192,1.602,0.767,28.153,7.213
EUNA,2004,1054191.415,25.931,94.374,37.018,0.397,11933.952,1.621,0.777,28.253,6.998
EUNA,2005,1058390.08,26.03,94.387,37.249,0.366,11962.271,1.623,0.778,28.354,6.77
EUNA,2006,1062268.17,26.128,94.431,37.484,0.382,12244.553,1.658,0.795,28.417,6.607
EUNA,2007,1066330.296,26.242,94.504,37.711,0.492,12508.275,1.695,0.813,28.488,6.465
EUNA,2008,1071586.834,26.368,94.553,37.919,0.467,12763.887,1.725,0.828,28.57,6.166
EUNA,2009,1076602.878,26.487,94.567,38.135,0.428,12698.481,1.714,0.823,28.682,5.958
EUNA,2010,1081220.444,26.6,94.606,38.352,0.427,12594.913,1.698,0.815,28.864,5.733
EUNA,2011,1085842.296,26.713,94.718,38.563,0.423,12425.104,1.675,0.805,29.004,5.485
EUNA,2012,1090450.335,26.823,94.857,38.771,0.398,12508.451,1.688,0.811,29.098,5.629
EUNA,2013,1094795.935,26.931,94.989,38.964,0.402,12328.496,1.668,0.802,29.228,5.441
EUNA,2014,1099206.135,27.041,95.104,39.143,0.419,12409.247,1.683,0.809,29.37,5.249
EUNA,2015,1103825.753,27.163,95.251,39.308,0.475,12325.724,1.676,0.806,29.507,5.065
EUNA,2016,1109076.64,27.291,95.407,39.458,0.465,12271.325,1.672,0.804,29.652,4.938
EUNA,2017,1114245.994,27.411,95.53,39.617,0.416,11857.198,1.62,0.779,29.785,4.753
EUNA,2018,1118889.879,27.521,95.641,39.792,0.384,11562.812,1.584,0.762,29.907,4.595
EUNA,2019,1123194.487,27.623,95.741,39.982,0.357,11273.536,1.55,0.746,30.001,4.506
EUNA,2020,1127211.903,27.673,95.795,40.187,0.008,10953.068,1.513,0.728,30.092,4.31
EUNA,2021,1127304.884,27.676,95.816,40.4,0.009,10956.003,1.525,0.733,30.232,4.355
EUNA,2022,1127406.058,27.678,95.837,40.637,0.007,10627.046,1.493,0.718,30.276,4.275
EUNA,2023,1127486.678,27.704,95.846,40.923,0.181,10353.254,1.47,0.708,30.294,4.1
OC,1950,12409.479,1.482,104.318,26.425,2.743,348.986,3.687,1.551,28.281,62.922
OC,1951,12754.609,1.521,104.54,26.409,2.484,356.791,3.703,1.533,28.189,64.124
OC,1952,13075.448,1.558,104.664,26.394,2.321,370.331,3.798,1.612,28.119,60.627
OC,1953,13382.464,1.594,104.606,26.365,2.138,374.857,3.817,1.628,28.083,59.234
OC,1954,13671.623,1.629,104.465,26.309,2.209,379.225,3.842,1.644,28.051,57.871
OC,1955,13976.974,1.666,104.408,26.223,2.377,389.24,3.92,1.684,28.004,56.798
OC,1956,14313.207,1.706,104.37,26.113,2.364,398.292,3.98,1.711,27.967,55.451
OC,1957,14655.673,1.746,104.216,25.982,2.288,409.909,4.054,1.752,27.951,54.334
OC,1958,14994.791,1.787,103.973,25.811,2.256,416.88,4.074,1.77,27.937,52.697
OC,1959,15336.952,1.827,103.782,25.571,2.23,424.99,4.101,1.787,27.92,52.239
OC,1960,15682.822,1.869,103.71,25.29,2.263,433.36,4.126,1.803,27.92,50.298
OC,1961,16041.784,1.91,103.639,25.008,2.155,447.627,4.2,1.842,27.929,48.939
OC,1962,16391.251,1.951,103.476,24.755,2.045,446.79,4.116,1.807,27.937,48.532
OC,1963,16729.921,1.991,103.321,24.531,2.063,448.131,4.042,1.781,27.958,47.329
OC,1964,17078.586,2.033,103.237,24.329,2.037,441.591,3.888,1.714,28.011,46.802
OC,1965,17430.042,2.075,103.182,24.155,2.121,437.299,3.742,1.655,27.972,46.482
OC,1966,17803.693,2.119,103.115,24.024,2.024,441.443,3.659,1.623,27.936,45.49
OC,1967,18167.735,2.16,103.026,23.93,1.791,450.481,3.617,1.611,27.905,44.457
OC,1968,18495.976,2.199,102.946,23.854,1.863,466.346,3.63,1.62,27.859,43.251
OC,1969,18843.755,2.242,102.903,23.8,1.993,478.994,3.612,1.618,27.845,42.104
OC,1970,19223.115,2.296,102.858,23.803,2.777,488.869,3.566,1.601,27.812,41.152
OC,1971,19764.513,2.36,102.78,23.884,2.707,516.094,3.604,1.625,27.693,39.17
OC,1972,20306.941,2.414,102.706,24.014,1.824,509.668,3.423,1.546,27.651,38.042
OC,1973,20680.638,2.458,102.638,24.157,1.775,490.222,3.207,1.45,27.649,37.774
OC,1974,21051.037,2.501,102.555,24.308,1.666,485.219,3.089,1.398,27.635,37.34
OC,1975,21404.772,2.539,102.439,24.476,1.399,472.576,2.932,1.329,27.658,36.405
OC,1976,21706.36,2.573,102.294,24.654,1.243,462.964,2.812,1.277,27.706,35.87
OC,1977,21977.898,2.605,102.138,24.836,1.233,463.218,2.761,1.255,27.765,34.783
OC,1978,22250.624,2.637,101.983,25.028,1.184,459.54,2.686,1.224,27.806,34.153
OC,1979,22515.638,2.669,101.871,25.229,1.216,460.749,2.643,1.206,27.85,32.966
OC,1980,22791.123,2.704,101.783,25.433,1.42,463.963,2.609,1.192,27.863,32.103
OC,1981,23117.136,2.746,101.719,25.634,1.631,476.519,2.621,1.2,27.856,30.965
OC,1982,23497.179,2.791,101.722,25.838,1.63,483.752,2.6,1.192,27.884,30.257
OC,1983,23883.43,2.835,101.739,26.056,1.502,491.432,2.584,1.187,27.884,29.678
OC,1984,24244.848,2.877,101.737,26.283,1.44,491.438,2.54,1.169,27.949,29.228
OC,1985,24596.619,2.919,101.75,26.519,1.458,501.485,2.552,1.174,27.994,28.81
OC,1986,24957.863,2.963,101.751,26.76,1.524,504.936,2.53,1.165,28.05,28.091
OC,1987,25341.137,3.009,101.685,26.998,1.59,510.971,2.52,1.161,28.126,27.633
OC,1988,25747.329,3.058,101.59,27.234,1.609,519.086,2.515,1.16,28.189,26.907
OC,1989,26164.863,3.107,101.509,27.476,1.606,526.68,2.51,1.159,28.261,26.54
OC,1990,26588.493,3.162,101.402,27.721,1.867,543.508,2.552,1.179,28.311,25.387
OC,1991,27089.58,3.218,101.276,27.962,1.65,541.456,2.506,1.159,28.386,24.725
OC,1992,27540.382,3.269,101.181,28.191,1.484,550.985,2.518,1.165,28.466,24.315
OC,1993,27952.244,3.317,101.11,28.407,1.434,552.184,2.499,1.156,28.53,23.984
OC,1994,28355.846,3.366,101.052,28.61,1.518,552.718,2.483,1.149,28.594,23.945
OC,1995,28789.644,3.419,100.995,28.796,1.621,553.466,2.464,1.14,28.658,23.81
OC,1996,29260.215,3.475,100.906,28.98,1.615,556.519,2.453,1.134,28.718,23.985
OC,1997,29736.481,3.53,100.783,29.18,1.521,559.797,2.442,1.13,28.783,23.957
OC,1998,30192.086,3.584,100.653,29.393,1.497,560.873,2.427,1.119,28.842,24.138
OC,1999,30647.434,3.638,100.536,29.602,1.505,568.619,2.442,1.13,28.886,24.065
OC,2000,31112.173,3.693,100.441,29.803,1.534,574.233,2.447,1.132,28.943,23.81
OC,2001,31593.075,3.752,100.407,30.004,1.594,575.216,2.432,1.126,28.982,23.836
OC,2002,32100.715,3.813,100.434,30.198,1.637,582.419,2.441,1.129,29.085,23.728
OC,2003,32630.659,3.875,100.469,30.374,1.603,589.771,2.444,1.129,29.18,23.456
OC,2004,33157.808,3.937,100.5,30.533,1.562,599.684,2.456,1.135,29.26,23.161
OC,2005,33679.689,4,100.531,30.667,1.627,614.254,2.488,1.151,29.34,22.86
OC,2006,34232.019,4.069,100.579,30.761,1.784,627.216,2.509,1.161,29.414,22.322
OC,2007,34848.052,4.145,100.659,30.81,1.942,654.921,2.581,1.195,29.459,21.337
OC,2008,35531.352,4.228,100.758,30.819,1.999,669.517,2.591,1.202,29.498,20.792
OC,2009,36248.72,4.311,100.825,30.822,1.883,670.575,2.542,1.18,29.525,20.612
OC,2010,36937.684,4.389,100.826,30.867,1.697,678.428,2.524,1.173,29.556,20.294
OC,2011,37569.848,4.464,100.791,30.946,1.689,680.231,2.49,1.158,29.592,19.91
OC,2012,38209.681,4.541,100.751,31.019,1.767,689.709,2.485,1.157,29.624,19.283
OC,2013,38890.66,4.622,100.697,31.089,1.748,688.743,2.438,1.135,29.663,19.18
OC,2014,39576.534,4.703,100.636,31.169,1.713,683.419,2.375,1.107,29.706,19.06
OC,2015,40260.337,4.785,100.576,31.254,1.745,693.079,2.364,1.104,29.77,18.344
OC,2016,40969.02,4.871,100.527,31.35,1.828,697.154,2.333,1.09,29.865,17.837
OC,2017,41724.817,4.959,100.519,31.47,1.753,695.909,2.282,1.066,29.894,17.676
OC,2018,42462.492,5.044,100.537,31.624,1.647,701.837,2.258,1.056,29.928,17.189
OC,2019,43167.821,5.125,100.525,31.832,1.546,694.705,2.199,1.029,29.943,17.062
OC,2020,43840.557,5.193,100.474,32.118,1.082,684.199,2.14,1.002,29.931,16.774
OC,2021,44317.391,5.249,100.432,32.411,1.081,694.461,2.168,1.016,29.973,16.369
OC,2022,44799.032,5.307,100.396,32.649,1.111,693.814,2.157,1.013,29.964,16.085
OC,2023,45299.668,5.367,100.357,32.885,1.155,693.272,2.142,1.007,29.969,15.415